deck_level,deck_type,entry_id,french_word,pinyin,hanzi,chinese_sentence,pinyin_sentence,french_sentence,translation_word,translation_sentence
HSK3,Francais,8db92b93f641,tante,āyí,阿姨,我阿姨非常好,Wǒ āyí fēicháng hǎo,Ma tante est très gentille,aunt,My aunt is very nice.
HSK3,Francais,bea59613fa2e,court,ǎi,矮,他是一个矮个子男人,Tā shì yī gè ǎi gèzi nánrén,Il est un homme de petite taille.,short (in height),He is a man of short stature.
HSK3,Francais,f9124d92bd58,conjoint,àiren,爱人,我爱人是我的伴侣,Wǒ àirén shì wǒ de bànyǒu,Mon conjoint est mon compagnon,"spouse, partner",My spouse is my partner.
HSK3,Francais,7ce4a626e66f,calme,ānjìng,安静,我喜欢安静的环境,Wǒ xǐhuān ān jìng de huánjìng,J'aime les environnements calmes,quiet,I like quiet environments.
HSK3,Francais,2a3eddb97552,sûr,ānquán,安全,这个公园是安全的,Gè zhè gōng yuán shì ānquán de,Ce parc est sûr,safe,This park is safe.
HSK3,Francais,b4d75173127b,"Classificateur pour les objets avec poignées, particule pour la façade d'objet",bǎ,把,我的斧头把断了,Wǒ de fǔtou bǎ duàn le,La poignée de ma hache est cassée,classifier for objects with handles,The handle of my axe is broken.
HSK3,Francais,891f429b4304,"bouger, porter",bān,搬,我帮朋友搬家,Wǒ bāng pengyou bān jiā,J'aide mon ami à déménager,"to move, to carry",I help my friend move house.
HSK3,Francais,ca312ebb362c,"classe, note",bānjí,班级,我是一名学生，我爱我的班级。,"Wǒ shì yī míng xuéshēng, wǒ ài wǒ de bānjí","Je suis un élève, j'aime ma classe.",class (school group),I am a student; I love my class.
HSK3,Francais,aed8e94356d0,déménager,bānjiā,搬家,明天我们要搬家,Míng tiān wǒmen yào bānjiā,"Demain, nous allons déménager",to move house,Tomorrow we are moving house.
HSK3,Francais,de3cade43a62,"faire, gérer",bàn,办,我要帮你办这件事,Wǒ yào bāng nǐ bàn zhè jiàn shì,Je veux t'aider à gérer cette affaire,"to handle, to manage",I want to help you handle this matter.
HSK3,Francais,c807392cb0b8,"façon, solution",bànfǎ,办法,我们找到了一种新办法来解决这个问题,Wǒmen zhǎo dàole yī zhǒng xīn bànfǎ lái jiějué zhè ge wèntí,Nous avons trouvé une nouvelle méthode pour résoudre ce problème,"method, solution",We found a new way to solve this problem.
HSK3,Francais,f7807b42533e,bureau,bàngōngshì,办公室,我在办公室工作,Wǒ zài bàngōngshì gōng zuò,Je travaille au bureau,office,I work in the office.
HSK3,Francais,fa4252f07f07,"une demi-journée, longtemps",bàntiān,半天,我等了她半天,Wǒ děng le tā bàntiān,J'ai attendu pendant une demi-journée.,half a day,I waited for her for half a day.
HSK3,Francais,d6cf2a8b52a6,aide,bāngzhù,帮助,我需要帮助找工作,Wǒ xūyào bāngzhù zhǎo gōngzuò,J'ai besoin d'aide pour trouver un emploi,"help, to help",I need help finding a job.
HSK3,Francais,05f75cb69224,complet,bǎo,饱,我已经吃饱了,Wǒ yǐjīng chī bǎo le,J'ai déjà mangé à satiété,full (after eating),I'm already full.
HSK3,Francais,95687a03d1ec,journal,bàozhǐ,报纸,我每天早上都看报纸,Wǒ měi tiān zǎo shàng dū kàn bàozhǐ,Je lis le journal tous les matins,newspaper,I read the newspaper every morning.
HSK3,Francais,755eca0816ea,nord,běi,北,北京是中国的首都,Běi jīng shì zhōng guó de shǒu dū,Pékin est la capitale de la Chine,north,Beijing is the capital of China.
HSK3,Francais,a129e2804b48,nord,běifāng,北方,北京位于中国的北方,Běijīng wèiyú Zhōngguó de běifāng,Pékin est située dans le nord de la Chine,the north (region),Beijing is located in the north of China.
HSK3,Francais,e532d8bd3743,par,bèi,被,这件衣服是被妈妈洗的,Zhè jiàn yīfú shì bèi māma xǐ de,Cette chemise a été lavée par maman,by (passive marker),This shirt was washed by mom.
HSK3,Francais,7925fe21bbb8,remarques,bǐjì,笔记,我每天都要写日记作为笔记,Wǒ měi tiān dū yào xiě rì jì zuò wèi bǐ jì,Je dois écrire un journal chaque jour comme remarques,notes,I write in my diary every day as notes.
HSK3,Francais,ae9a6a047ca2,"comparer, tout à fait, relativement, que",bǐjiào,比较,今天的天气比较好,Jīn tiān de tiān qì bǐ jiào hǎo,Le temps est relativement agréable aujourd'hui,"relatively, to compare",The weather is relatively nice today.
HSK3,Francais,73a60e80cfac,carnet de notes,bǐjìběn,笔记本,我有一个很好的笔记本,Wǒ yǒu yī gè hěn hǎo de bǐjìběn,J'ai un excellent carnet de notes.,notebook,I have a very good notebook.
HSK3,Francais,ecee25062b9f,Par exemple,bǐrú,比如,我喜欢吃水果，比如苹果,"Wǒ xǐ huān chī shuǐ guǒ, bǐrú píng guǒ","J'aime manger des fruits, par exemple des pommes",for example,"I like eating fruit, such as apples."
HSK3,Francais,390a7ca70a8c,"concourir, jouer, correspondre",bǐsài,比赛,我要参加比赛,Wǒ yào cānjiā bǐsài,Je veux participer à la compétition,"match, competition",I want to participate in the competition.
HSK3,Francais,10c0fa87d6ae,doit,bìxū,必须,我们每天必须喝八杯水,Wǒmen měi tiān bìxū hē bā bēi shuǐ,Nous devons boire huit verres d'eau chaque jour,must,We must drink eight glasses of water every day.
HSK3,Francais,f50df65b972f,"changer, devenir",biàn,变,现在的天气会变热,Xiànzài de tiānqì huì biàn rè,Le temps va devenir chaud,"to change, to become",The weather will become hot.
HSK3,Francais,445bc600be85,mesurer le mot pour les actions,biàn,遍,公司需要遍查每个细节,Gōngsī xūyào biàn chá měi gè xìjié,L'entreprise doit vérifier chaque détail avec soin.,classifier for actions (once through),The company needs to check every detail thoroughly.
HSK3,Francais,069d0ed6f36a,"devenir, se transformer en",biànchéng,变成,小女孩变成了一位成功的企业家,Xiǎo nǚhái biànchéng le yī wèi chénggōng de qǐyèjiā,La petite fille est devenue une femme d'affaires à succès,"to become, to turn into",The little girl became a successful entrepreneur.
HSK3,Francais,da0d302701fd,"changer, changer",biànhuà,变化,社会的变化影响着每个人,Shèhuì de biànhuà yǐngxiǎng zhe měi gèrén,Les changements de la société affectent chacun.,change,Changes in society affect everyone.
HSK3,Francais,70412ed4d267,"exécuter, agir",biǎoyǎn,表演,她是一位经常在电视上表演的女演员,Tā shì yī wèi jīng cháng zài diànshì shàng biǎoyǎn de nǚ yǎn yuán,Elle est une actrice qui se produit souvent à la télévision.,"to perform, performance",She is an actress who often performs on TV.
HSK3,Francais,5ae80a19824c,autre,biéde,别的,我喜欢吃别的东西,Wǒ xǐ huān chī biéde dōngxi,J'aime manger autre chose,other,I like eating other things.
HSK3,Francais,5e08987914f4,d'autres personnes,biérén,别人,我比别人高,Wǒ bǐ biérén gāo,Je suis plus grand que les autres personnes.,other people,I am taller than other people.
HSK3,Francais,63b0d5abda6b,hôtel,bīnguǎn,宾馆,我在宾馆住了一晚,Wǒ zài bīnguǎn zhù le yì wǎn,J'ai passé une nuit à l'hôtel.,hotel,I spent a night at the hotel.
HSK3,Francais,ca06a2e5dfa3,"glace, (geler)",bīng,冰,今天 天气 很 冷， 外面 的 湖面 结冰 了,"Jīntiān tiānqì hěn lěng, wàimian de húmiàn jiébīng le","Aujourd'hui, il fait très froid, la surface du lac est gelée.",ice,Today the weather is very cold; the surface of the lake outside is frozen.
HSK3,Francais,c766596ef2cc,glace,bīngjīlíng,冰激凌,我今天要吃冰激凌,Wǒ jīntiān yào chī bīngjīlíng,"Aujourd'hui, je veux manger de la glace.",ice cream,Today I want to eat ice cream.
HSK3,Francais,bb33b77b9e89,réfrigérateur,bīngxiāng,冰箱,我家厨房里有一个大冰箱,Wǒ jiā chúfáng lǐ yǒu yī gè dà bīngxiāng,J'ai un grand réfrigérateur dans ma cuisine.,refrigerator,I have a big refrigerator in my kitchen.
HSK3,Francais,3cffd2ec926b,patient,bìngrén,病人,医生正在照顾病人,Yīshēng zhèngzài zhàogù bìngrén,Le médecin prend soin du patient,patient,The doctor is taking care of the patient.
HSK3,Francais,694796a3ea57,non seulement,búdàn,不但,他不但会说中文，还会说英文,"Tā búdàn huì shuō zhōng wén, hái huì shuō yīng wén","Il ne parle pas seulement chinois, mais aussi anglais",not only,"He not only speaks Chinese, but also English."
HSK3,Francais,019eaa664d32,"disparaître, ne pas voir",bújiàn,不见,她走后，我就不见她了,"Tā zǒu hòu, wǒ jiù bújiàn tā le","Après qu'elle soit partie, je ne l'ai plus vue.","to disappear, to not see","After she left, I never saw her again."
HSK3,Francais,e2e9f8e350f0,pas besoin,búyòng,不用,我不用钱,Wǒ búyòng qián,Je n'ai pas besoin d'argent,no need,I don't need money.
HSK3,Francais,40a01616792e,différent,bù tóng,不同,,,,different,
HSK3,Francais,1c0e45af0013,"bientôt, peu de temps après",bùjiǔ,不久,我刚刚到这里，不久就会有很多人到来,"Wǒ gānggāng dào zhèlǐ, bùjiǔ jiù huì yǒu hěn duō rén dào lái","Je viens d'arriver ici, bientôt beaucoup de gens vont arriver.","soon, before long",I just arrived here; soon many people will arrive.
HSK3,Francais,919827d7f6e0,"pas autorisé, ne fera pas l'affaire, pas bon",bùxíng,不行,这个饭店不能吸烟，不行,"Zhè ge fàndiàn bù néng xīyān, bùxíng","Dans ce restaurant, il est interdit de fumer, ce n'est pas autorisé","not allowed, won't do",Smoking is not allowed in this restaurant; that's not OK.
HSK3,Francais,d29081ca0d7b,"juste, seulement",cái,才,我才十九岁,Wǒ cái shíjiǔ suì,J'ai seulement dix-neuf ans,"only, just",I'm only nineteen years old.
HSK3,Francais,c071b0ffd12a,menu,càidān,菜单,请查看菜单,Qǐng chákàn càidān,Veuillez consulter le menu,menu,Please take a look at the menu.
HSK3,Francais,7e7a5be4179e,"rejoindre, assister",cānjiā,参加,我将参加会议,Wǒ jiāng cānjiā huìyì,Je vais assister à la réunion,"to join, to attend",I will attend the meeting.
HSK3,Francais,228ed46f58e2,herbe,cǎo,草,我把草割了,Wǒ bǎ cǎo gē le,J'ai coupé l'herbe,grass,I cut the grass.
HSK3,Francais,7c0ef8c28615,prairie,cǎodì,草地,我喜欢在草地上玩,Wǒ xǐ huān zài cǎodì shàng wán,J'aime jouer dans la prairie,"lawn, meadow",I like playing on the grass.
HSK3,Francais,1f8cb29ebfca,"mesurer le mot pour la couche, le sol",céng,层,我们公司有五层,Wǒmen gōngsī yǒu wǔ céng,Notre entreprise a cinq étages,"classifier for floors, layers",Our company has five floors.
HSK3,Francais,90c4dbdabe19,vérifier,chá,查,我需要查一下邮件,Wǒ xūyào chá yīxià yóujiàn,J'ai besoin de vérifier mes e-mails,"to check, to look up",I need to check my email.
HSK3,Francais,c04f0bb12066,"mauvais, pauvre, manquer",chà,差,今天的天气差,Jīn tiān de tiān qì chà,Le temps est mauvais aujourd'hui,"bad, poor, to lack",The weather is bad today.
HSK3,Francais,3240d5ce1fc2,"presque, semblable, presque",chàbuduō,差不多,今天的天气和昨天差不多,Jīntiān de tiānqì hé zuótiān chàbuduō,Le temps d'aujourd'hui est presque le même qu'hier.,"almost, nearly",Today's weather is about the same as yesterday's.
HSK3,Francais,8c438903271a,goûter,cháng,尝,我尝过很多种中国菜,Wǒ cháng guò hěn duō zhǒng zhōng guó cà,J'ai goûté à de nombreux plats chinois,to taste,I have tasted many kinds of Chinese dishes.
HSK3,Francais,cdb5bd34c625,"souvent, fréquent",cháng,常,我常去公园,Wǒ cháng qù gōngyuán,Je vais souvent au parc,often,I often go to the park.
HSK3,Francais,cbecd2bd0329,commun,cháng jiàn,常见,在中国，猪肉和鸡肉是常见的肉类,"Zài zhōng guó, zhū ròu hé jī ròu shì cháng jiàn de ròu lèi","En Chine, le porc et le poulet sont des viandes communes",common,"In China, pork and chicken are common meats."
HSK3,Francais,7c83188abb28,couramment utilisé,cháng yòng,常用,我常用手机打电话,Wǒ cháng yòng shǒu jī dǎ diàn huà,Je suis habitué à utiliser mon téléphone portable pour passer des appels téléphoniques,commonly used,I often use my phone to make calls.
HSK3,Francais,257c85db73eb,souvent,chángcháng,常常,她常常去公园散步,Tā chángcháng qù gōngyuán sàn bù,Elle va souvent se promener dans le parc.,often,She often goes for walks in the park.
HSK3,Francais,f1aab48bade2,chemise,chènshān,衬衫,我喜欢穿白色的衬衫,Wǒ xǐ huān chuān bái sè de chènshān,J'aime porter une chemise blanche,shirt,I like wearing white shirts.
HSK3,Francais,64a4d53ed3d0,"score, note, réussite",chéngjì,成绩,她今年的考试成绩很好,Tā jīnnián de kǎoshì chéngjì hěn hǎo,Ses résultats d'examen cette année sont très bons,"grade, result",Her exam results this year are very good.
HSK3,Francais,bee30f2507ac,ville,chéngshì,城市,北京是一个大城市,Běijīng shì yī gè dà chéngshì,Pékin est une grande ville,city,Beijing is a big city.
HSK3,Francais,e43cdb87df7b,être en retard,chídào,迟到,对不起，我迟到,"Duìbùqǐ, wǒ chídào","Désolé, je suis en retard",to be late,"Sorry, I'm late."
HSK3,Francais,723f8a86fd58,"partir, partir",chūfā,出发,我们星期天要出发去旅游,Wǒmen xīngqītiān yào chūfā qù lǔyóu,Nous allons partir en voyage le dimanche.,"to set off, to depart",We are leaving on a trip on Sunday.
HSK3,Francais,a418469f1e1a,être né,chūshēng,出生,她出生在法国,Tā chūshēng zài fǎguó,Elle est née en France,to be born,She was born in France.
HSK3,Francais,6c2f2b935daa,sortir de l'hôpital,chūyuàn,出院,他已经出院回家了,Tā yǐjīng chūyuàn huí jiā le,Il est déjà sorti de l'hôpital et est rentré chez lui,to be discharged from hospital,He has already been discharged from the hospital and gone home.
HSK3,Francais,0ce4a921781e,lycée,chūzhōng,初中,我在初中时学了很多东西,Wǒ zài chūzhōng shí xué le hěn duō dōngxi,J'ai appris beaucoup de choses au lycée,middle school (junior high),I learned a lot in middle school.
HSK3,Francais,b25d0dd22ed8,sauf qu'en plus,chúle,除了,我喜欢所有的体育运动除了篮球,Wǒ xǐ huān suǒ yǒu de tiǎo yǒu yùndòng chú le lán qiú,J'aime tous les sports sauf le basket.,"except, besides",I like all sports except basketball.
HSK3,Francais,ad1fb68ad2f8,bateau,chuán,船,我坐船过河,Wǒ zuò chuán guò hé,Je traverse le fleuve en bateau,"boat, ship",I cross the river by boat.
HSK3,Francais,0df23d0b0da4,printemps,chūntiān,春天,我喜欢春天,Wǒ xǐhuān chūntiān,J'aime le printemps,spring,I like spring.
HSK3,Francais,52903bf4a181,dictionnaire,cídiǎn,词典,我正在使用词典查找新词,Wǒ zhèngzài shǐyòng cídiǎn cházhǎo xīn cí,Je suis en train d'utiliser le dictionnaire pour rechercher de nouveaux mots.,dictionary,I'm using a dictionary to look up new words.
HSK3,Francais,fb2cdd37df3b,"intelligent, intelligent",cōngmíng,聪明,她是一个聪明的学生,Tā shì yī gè cōngmíng de xuésheng,Elle est une élève intelligente,"smart, clever",She is a smart student.
HSK3,Francais,5a3f38fd3923,nettoyer,dǎsǎo,打扫,我每天早上都会打扫房间,Wǒ měi tiān zǎo shàng dū huì dǎsǎo fángjiān,Je nettoie ma chambre tous les matins.,"to clean, to sweep",I clean my room every morning.
HSK3,Francais,7f438833d466,"planifier, avoir l'intention, planifier",dǎsuàn,打算,我打算去法国度假,Wǒ dǎsuàn qù fǎguó dùjià,J'ai l'intention d'aller en vacances en France,"to plan, to intend",I plan to go to France for vacation.
HSK3,Francais,7a4297bc30e1,"général, approximatif, probablement, approximativement, (idée générale)",dàgài,大概,我明天 大概 会迟到,Wǒ míngtiān dàgài huì chídào,"Demain, je serai probablement en retard.","probably, approximately",Tomorrow I will probably be late.
HSK3,Francais,993530c2d962,adulte,dàren,大人,我现在是大人了,Wǒ xiàn zài shì dàren le,"Maintenant, je suis un adulte.",adult,Now I'm an adult.
HSK3,Francais,9b5c5bb5131f,taille,dàxiǎo,大小,这个书包大小正合适,Zhè ge shūbāo dàxiǎo zhèng héshì,La taille de ce sac à dos est parfaitement adaptée,size,The size of this backpack is just right.
HSK3,Francais,4d6806f5c0a6,panda géant,dàxióngmāo,大熊猫,在中国，你可以在一些动物园里看到大熊猫,"Zài zhōngguó, nǐ kěyǐ zài yīxiē dòngwùyuán lǐ kàn dào dàxióngmāo","En Chine, vous pouvez voir des pandas géants dans certains zoos.",giant panda,"In China, you can see giant pandas in some zoos."
HSK3,Francais,3b781c2abd24,manteau,dàyī,大衣,她穿着大衣去学校,Tā chuān zhe dàyī qù xuéxiào,Elle porte un manteau pour aller à l'école,overcoat,She wears an overcoat to school.
HSK3,Francais,9c2bad3d46d3,"apporter, prendre, (ceinture)",dài,带,我带了一个大包,Wǒ dài le yī gè dà bāo,J'ai apporté un grand sac,"to bring, to carry",I brought a big bag.
HSK3,Francais,6cbcd2ca0b36,s'inquiéter,dānxīn,担心,我担心天气会下雨,Wǒ dānxīn tiānqì huì xiàyǔ,Je m'inquiète que la pluie ne tombe.,to worry,I worry that it will rain.
HSK3,Francais,ac2184e6474e,gâteau,dàngāo,蛋糕,我想吃一个巧克力蛋糕,Wǒ xiǎng chī yī gè qiǎo kè lì dàngāo,Je veux manger un gâteau au chocolat,cake,I want to eat a chocolate cake.
HSK3,Francais,3154ba5ec403,bien sûr,dāngrán,当然,我当然会参加会议,Wǒ dāngrán huì cānjiā huìyì,Je vais bien sûr assister à la réunion,of course,Of course I will attend the meeting.
HSK3,Francais,ec8871eb0799,partout,dàochù,到处,城市到处都是高楼大厦,Chéngshì dàochù dōu shì gāo lóu dà shà,La ville est remplie de gratte-ciel partout.,everywhere,The city is full of high-rise buildings everywhere.
HSK3,Francais,ec8a584ba4e5,"obtenir, obtenir",dédào,得到,我努力学习才能得到好成绩,Wǒ nǔlì xuéxí cái néng dédào hǎo chéngjì,J'étudie dur pour obtenir de bons résultats,"to get, to obtain",I study hard to get good grades.
HSK3,Francais,cd800135b78a,"marquer, marquer",défēn,得分,他在比赛中得分,Tā zài bǐsài zhōng dé fēn,Il a marqué en compétition,to score,He scored in the competition.
HSK3,Francais,d512208820fa,"particule utilisée après une clause de condition, si…",dehuà,的话,如果我是老师的话,Rú guǒ wǒ shì lǎo shī de huà,Si j'étais un enseignant,if (particle marking a conditional),If I were a teacher...
HSK3,Francais,388b155b0508,"lampe, lumière",dēng,灯,我打开了灯,Wǒ dǎkāi le dēng,J'ai allumé la lampe,"lamp, light",I turned on the light.
HSK3,Francais,bbfe27939a39,"lieu, emplacement",dìdiǎn,地点,会议的地点在酒店,Huìyì de dìdiǎn zài jiǔdiàn,Le lieu de la réunion est à l'hôtel,"place, location",The meeting location is at the hotel.
HSK3,Francais,d3f29202c570,lieu,dìfang,地方,这个地方很漂亮,Gè zhè ge dìfang hěn piàoliang,Ce lieu est très beau,place,This place is very beautiful.
HSK3,Francais,0bf426f0c6f8,carte,dìtú,地图,我有一张中国的地图,Wǒ yǒu yī zhāng zhōngguó de dìtú,J'ai une carte de la Chine,map,I have a map of China.
HSK3,Francais,a06298f45c39,"électricité, (pour donner un choc électrique)",diàn,电,电击使他晕倒,Diàn jī shǐ tā yūn dǎo,Un choc électrique l'a fait s'évanouir,electricity,The electric shock made him faint.
HSK3,Francais,b522c88f834e,ascenseur,diàntī,电梯,这栋楼有一个很快的电梯,Zhè dūng lóu yǒu yī gè hěn kuài de diàntī,Ce bâtiment a un ascenseur très rapide,elevator,This building has a very fast elevator.
HSK3,Francais,1d7d7fd82e4a,livre électronique,diànzǐshū,电子书,我喜欢阅读电子书,Wǒ xǐ huān yuè dú diànzǐshū,J'aime lire des livres électroniques,e-book,I like reading e-books.
HSK3,Francais,dad0171503eb,"perdre, jeter",diū,丢,我把手机丢了,Wǒ bǎ shǒu jī diū le,J'ai perdu mon téléphone,"to lose, to throw away",I lost my phone.
HSK3,Francais,dd2c9d79bc45,est,dōng,东,北京位于中国的东部,Běijīng wèiyú Zhōngguó de dōngbù,Pékin se trouve à l'est de la Chine,east,Beijing is located in the east of China.
HSK3,Francais,c22494e6e906,nord-est,dōngběi,东北,我来自中国的东北,Wǒ láizì zhōngguó de dōngběi,Je viens du nord-est de la Chine,northeast,I come from the northeast of China.
HSK3,Francais,ce04f7a07f70,est,dōngfāng,东方,中国的东方是太阳升起的地方,Zhōngguó de dōngfāng shì tài yáng qǐ qǐ de dì fāng,La Chine a l'est est l'endroit où le soleil se lève.,the east (direction),The east of China is where the sun rises.
HSK3,Francais,cd006d991238,sud-est,dōngnán,东南,中国位于东南亚地区,Zhōngguó wèi yú dōngnán yà dì qū,La Chine est située dans la région d'Asie du Sud-Est,southeast,China is located in the Southeast Asia region.
HSK3,Francais,acd2696d5e3b,hiver,dōngtiān,冬天,我最喜欢在冬天去滑雪,Wǒ zuì xǐ huān zài dōngtiān qù huá xuě,J'aime beaucoup aller skier en hiver,winter,I like skiing in winter the most.
HSK3,Francais,97c61964b367,comprendre,dǒngde,懂得,我已经懂得如何说中文,Wǒ yǐjīng dǒngde zěnme shuō zhōngwén,J'ai déjà compris comment parler chinois.,"to understand, to know how",I already know how to speak Chinese.
HSK3,Francais,4934f8d7187d,animal,dòngwù,动物,我喜欢动物,Wǒ xǐhuān dòngwù,J'aime les animaux,animal,I like animals.
HSK3,Francais,8bb6353ab937,zoo,dòngwùyuán,动物园,我要去参观动物园,Wǒ yào qù cān guān dòngwùyuán,Je veux aller visiter le zoo,zoo,I want to visit the zoo.
HSK3,Francais,896f5f584e7d,court,duǎn,短,这个视频很短,Zhè ge shìpín hěn duǎn,Cette vidéo est très courte,short (length),This video is very short.
HSK3,Francais,df5a7bdf20bc,shorts,duǎnkù,短裤,我喜欢穿短裤,Wǒ xǐ huān chuān duǎnkù,J'aime porter des shorts,shorts,I like wearing shorts.
HSK3,Francais,c49fa8b90dbe,"mesurer le mot d'un segment, d'un paragraphe",duàn,段,这篇文章有三个段,Zhè piān wénzhāng yǒu sān gè duàn,Cet article comporte trois paragraphes,"classifier for segments, paragraphs",This article has three paragraphs.
HSK3,Francais,9537db8a4473,faire de l'exercice,duànliàn,锻炼,每天早上我都去公园进行锻炼,Měi tiān zǎo shang wǒ dōu qù gōng yuán jìn xíng duàn liàn,"Chaque matin, je vais au parc pour faire de l'exercice",to exercise,Every morning I go to the park to exercise.
HSK3,Francais,b7d988d5aab6,"dialogue, conversation",duìhuà,对话,,,,"dialogue, conversation",
HSK3,Francais,9f3febb49414,affamé,è,饿,我非常饿,Wǒ fēicháng è,J'ai très faim,hungry,I'm very hungry.
HSK3,Francais,e8f851b71ed8,"et, en plus",érqiě,而且,今天我去学校，而且我学到了很多新东西,"Jīntiān wǒ qù xuéxiào, érqiě wǒ xué dào le hěn duō xīn de dōngxi","Aujourd'hui, je vais à l'école, et j'ai appris beaucoup de nouvelles choses","moreover, and also","Today I went to school, and I learned a lot of new things."
HSK3,Francais,3dc7f7d98c1a,oreille,ěrduo,耳朵,我的耳朵有点儿聋,Wǒ de ěrduo yǒu diǎn er lóng,Mon oreille est un peu sourde,ear,My ear is a bit hard of hearing.
HSK3,Francais,d82001328b58,écouteur,ěrjī,耳机,我戴着耳机听音乐,Wǒ dáizhe ěrjī tīng yīnyuè,Je porte un écouteur pour écouter de la musique,earphones,I wear earphones to listen to music.
HSK3,Francais,1650471a2e5e,"envoyer, émettre",fā,发,公司将发表新的产品,Gōngsī jiāng fā biǎo xīn de chǎnpǐn,L'entreprise va lancer de nouveaux produits,"to send, to issue",The company will launch new products.
HSK3,Francais,ee2484e37b1c,avoir de la fièvre,fāshāo,发烧,儿子现在发烧,Érzi xiànzài fāshāo,Mon fils a désormais de la fièvre,to have a fever,My son has a fever now.
HSK3,Francais,8c9d8aa55fa5,arriver,fāshēng,发生,事故发生在昨天晚上,Shìgù fāshēng zài zuótiān wǎnshang,L'accident est arrivé hier soir,"to happen, to occur",The accident happened last night.
HSK3,Francais,46ccf7f05de3,"trouver, découvrir",fāxiàn,发现,вчера我发现了一本很有意思的书,Zuótiān wǒ fāxiàn le yī běn hěn yǒu yìsi de shū,"Hier, j'ai découvert un livre très intéressant","to discover, to find",Yesterday I discovered a very interesting book.
HSK3,Francais,5a3a8003679a,développer,fāzhǎn,发展,中国经济正在快速发展,Zhōngguó jīngjì zhèngzài kuàisù fāzhǎn,L'économie chinoise est en plein développement.,"to develop, development",The Chinese economy is developing rapidly.
HSK3,Francais,75764a25e0f5,pratique,fāngbiàn,方便,我觉得这个手机软件很方便,Wǒ juéde zhè ge shǒu jī ruǎn jiàn hěn fāngbiàn,Je trouve que ce logiciel de téléphone est très pratique,convenient,I find this mobile app very convenient.
HSK3,Francais,ae104ce5a096,nouilles instantanées,fāngbiànmiàn,方便面,我喜欢吃方便面,Wǒ xǐ huān chī fāngbiànmiàn,J'aime manger des nouilles instantanées,instant noodles,I like eating instant noodles.
HSK3,Francais,042de87da09b,méthode,fāngfǎ,方法,他们使用科学的方法进行实验,Tāmen shǐyòng kēxué de fāngfǎ jìnxíng shíyàn,Ils utilisent une méthode scientifique pour mener l'expérimentation,method,They use a scientific method to conduct the experiment.
HSK3,Francais,12358487b867,direction,fāngxiàng,方向,我们需要确定公司的发展方向,Wǒmen xūyào quèdìng gōngsī de fāzhǎn fāngxiàng,Nous devons déterminer la direction de développement de l'entreprise,direction,We need to determine the company's development direction.
HSK3,Francais,587cc7b934c4,maison,fángzi,房子,我刚刚买了一套新房子,Wǒ gānggāng mǎi le yī tào xīn fángzi,Je viens d'acheter une nouvelle maison,house,I just bought a new house.
HSK3,Francais,4d80d380b3b5,"mettre, placer",fàng,放,我把书放在桌子上,Wǒ bǎ shū fàng zài zhuō zǐ shàng,Je mets le livre sur la table,"to put, to place",I put the book on the table.
HSK3,Francais,6cd7de0dbf6a,passer des vacances,fàngjià,放假,我学校要放假了,Wǒ de xuéxiào yào fàngjià le,Mon école va bientôt passer des vacances,"to have a holiday, to go on vacation",My school is about to go on vacation.
HSK3,Francais,d724feb101e5,"se détendre, se sentir à l'aise",fàngxīn,放心,你可以放心地去旅行,Nǐ kěyǐ fàngxīn de qù lǔxíng,Vous pouvez partir en voyage en vous sentant à l'aise,"to be at ease, to rest assured",You can travel with peace of mind.
HSK3,Francais,26a771652c5e,l'école est finie,fàngxué,放学,放学后我会去公园,Fàngxué hòu wǒ huì qù gōngyuán,"Après l'école, j'irai au parc","school is over, to leave school",After school I'll go to the park.
HSK3,Francais,2a9c8fe8a4d9,se séparer,fēnkāi,分开,他们从小就分开了,Tāmen cóng xiǎo jiù fēnkāi le,Ils se sont séparés dès leur enfance,to separate,They separated from childhood.
HSK3,Francais,c8994ed12db6,vent,fēng,风,今天风很大,Jīn tiān fēng hěn dà,"Aujourd'hui, le vent est très fort",wind,Today the wind is very strong.
HSK3,Francais,4a8165e0099a,"mesurer un mot pour des lettres, (pour sceller)",fēng,封,我会封住这个盒子,Wǒ huì fēng zhù zhè ge hézi,Je vais sceller cette boîte,classifier for letters; to seal,I will seal this box.
HSK3,Francais,374ef58b667f,mari et femme,fūqī,夫妻,他们是一对幸福的夫妻,Tāmen shì yī duì xìngfú de fūqī,Ils forment un couple heureux.,"husband and wife, couple",They are a happy couple.
HSK3,Francais,bbdd5412114c,servir,fúwù,服务,我们公司提供专业的客户服务,Wǒmen gōngsī tígōng zhuān yè de kè hù fúwù,Notre entreprise fournit un service client professionnel.,"service, to serve",Our company provides professional customer service.
HSK3,Francais,8b4c9a636107,proche,fùjìn,附近,我住在学校附近,Wǒ zhù zài xuéxiào fùjìn,J'habite près de l'école,nearby,I live near the school.
HSK3,Francais,739127203a15,revoir,fùxí,复习,我需要复习我的作业,Wǒ xūyào fùxí wǒ de zuòyè,J'ai besoin de revoir mes devoirs,to review,I need to review my homework.
HSK3,Francais,1bef28a7b79f,devrait,gāi,该,该公司应该向客户提供更好的服务,Gāi gōngsī yīnggāi xiàng kèhù tígōng gèng hǎo de fúwù,L'entreprise devrait offrir de meilleurs services aux clients,should,The company should offer better services to customers.
HSK3,Francais,14ba577d49f8,faire le ménage,gānjìng,干净,妈妈现在在家里干净卫生,Māma xiàn zài zài jiā lǐ gānjìng wèishēng,Maman fait le ménage à la maison.,clean,Mom is doing the housework at home now.
HSK3,Francais,a94af7a6478a,s'intéresser à,gǎn xìngqù,感兴趣,我对学习法语很感兴趣,Wǒ duì xuéxí fǎyǔ hěn gǎn xìngqù,Je m'intéresse beaucoup à l'apprentissage du français,to be interested in,I'm very interested in learning French.
HSK3,Francais,ed64aa20d42d,ressentir,gǎndào,感到,今天我感到非常高兴,Jīn tiān wǒ gǎndào fēi cháng gāo xìng,"Aujourd'hui, je me sens extrêmement heureux",to feel,Today I feel extremely happy.
HSK3,Francais,8b613d620cd9,"froid, attraper froid",gǎnmào,感冒,我感冒了，今天不能去上班,"Wǒ gǎnmào le, jīntiān bù néng qù shàngbān","J'ai attrapé froid, je ne peux pas aller travailler aujourd'hui",to catch a cold,I caught a cold; I can't go to work today.
HSK3,Francais,d001466ff5e5,"faire, travailler",gàn,干,我每天都要去干活,Wǒ měi tiān dōu yào qù gàn huó,Je dois aller travailler tous les jours,"to do, to work",I have to go work every day.
HSK3,Francais,84c2f2ff5a8c,"juste, juste maintenant",gāng,刚,我刚刚吃完饭,Wǒ gāng gāng chī wán fàn,Je viens de finir de manger,just (now),I just finished eating.
HSK3,Francais,697f18c69364,tout à l' heure,gāngcái,刚才,刚才我去看电影,Gāngcái wǒ qù kàn diànyǐng,"Tout à l'heure, je suis allé voir un film",just now,Just now I went to see a movie.
HSK3,Francais,7f1ce0329a4c,"tout à l'heure, il y a un instant",gānggāng,刚刚,我刚刚吃了顿饭,Wǒ gānggāng chī le dùn fàn,Je viens de manger un repas,just now,I just had a meal.
HSK3,Francais,5ba9e4d60417,train à grande vitesse,gāotiě,高铁,我喜欢坐高铁旅行,Wǒ xǐhuān zuò gāotiě lǚxíng,J'aime voyager en train à grande vitesse,high-speed train,I like traveling by high-speed train.
HSK3,Francais,d20232ea72f2,"se baser sur, selon, (base)",gēnjù,根据,公司的决策根据市场趋势做出,Gōngsī de juécè gēnjù shìchǎng qūshì zuò chū,La décision de l'entreprise est prise en fonction des tendances du marché,according to,The company's decision is made based on market trends.
HSK3,Francais,2bd568ad6d21,plus,gèng,更,我想再学习更多的汉语,Wǒ xiǎng zài xuéxí gèng duō de hàn yǔ,Je veux apprendre encore plus de chinois,more,I want to learn more Chinese.
HSK3,Francais,29acb321c5a9,kilogramme,gōngjīn,公斤,这个水果的重量是五百公斤,Zhè ge shuǐ guǒ de zhòng liàng shì wǔ bǎi gōngjīn,Le poids de ce fruit est de cinq cents kilogrammes.,kilogram,The weight of this fruit is five hundred kilograms.
HSK3,Francais,413e363e45c8,parc,gōngyuán,公园,我喜欢去公园散步,Wǒ xǐ huān qù gōngyuán sàn bù,J'aime aller me promener dans le parc,park,I like going for walks in the park.
HSK3,Francais,5d00de5f8406,journée de travail,gōngzuòrì,工作日,我每周的工作日都很忙,Wǒ měi zhōu de gōngzuòrì dōu hěn máng,Chaque jour de travail de ma semaine est très occupé,workday,My workdays are very busy every week.
HSK3,Francais,edddaea7c68c,histoire,gùshi,故事,我喜欢听故事,Wǒ xǐhuān tīng gùshi,J'aime entendre des histoires,story,I like listening to stories.
HSK3,Francais,dce26de8e601,"gratter, souffler",guā,刮,风要刮起来了,Fēng yào guā qǐ lái le,Le vent va commencer à souffler.,"to blow (wind), to scrape",The wind is about to start blowing.
HSK3,Francais,c2e6c5d2526d,"fermer, éteindre, passer",guān,关,我要关掉电脑,Wǒ yào guān xià diànnǎo,Je vais éteindre l'ordinateur,"to close, to turn off",I'm going to turn off the computer.
HSK3,Francais,b3ea63d6d4eb,pour éteindre l'appareil,guānjī,关机,我需要按下关机按钮,Wǒ xūyào àn xià guānjī ànyào,J'ai besoin d'appuyer sur le bouton d'arrêt.,to power off,I need to press the power button to turn it off.
HSK3,Francais,30aa1596f984,"relation, (se relier)",guānxì,关系,我试图改善与同事的关系,Wǒ shì tú gǎi shàn yǔ tóng shì de guānxì,J'essaie d'améliorer mes relations avec mes collègues,relationship,I try to improve my relationships with colleagues.
HSK3,Francais,69a75df0f10c,"s'inquiéter, s'inquiéter",guānxīn,关心,她很关心她的家人,Tā hěn guānxīn tā de jiārén,Elle s'inquiète beaucoup pour sa famille,to care about,She cares a lot about her family.
HSK3,Francais,c3bebbf814b2,"à propos de, concernant",guānyú,关于,这个报道是关于昨天发生的事件,Zhè ge bào dào shì guānyú zuó tiān fā shēng de shì jiàn,Ce rapport concerne l'événement qui s'est produit hier.,"about, regarding",This report is about yesterday's incident.
HSK3,Francais,85f4246b636f,"faire attention, suivre",guānzhù,关注,请关注最新的新闻,Qǐng guānzhù zuìxīn de xīnwén,Veuillez suivre les dernières nouvelles,"to follow, to pay attention to",Please follow the latest news.
HSK3,Francais,87e69c0c9a0b,pays,guójiā,国家,中国是一个强大的国家,Zhōngguó shì yī gè qiángdà de guójiā,La Chine est un pays puissant,country,China is a powerful country.
HSK3,Francais,58d1b2018479,célébrer une fête,guòjié,过节,我喜欢过节,Wǒ xǐ huān guò jié,J'aime célébrer les fêtes.,to celebrate a festival,I like celebrating festivals.
HSK3,Francais,138a5f771694,mer,hǎi,海,我喜欢去海边玩,Wǒ xǐ huān qù hǎi biān wán,J'aime aller jouer au bord de la mer,sea,I like playing by the sea.
HSK3,Francais,8bf23b9b2cdb,avoir peur,hàipà,害怕,我害怕狗,Wǒ hàipà gǒu,J'ai peur des chiens,to be afraid,I'm afraid of dogs.
HSK3,Francais,aced5482915c,"beaucoup, beaucoup",hǎoduō,好多,我有好多书,Wǒ yǒu hǎoduō shū,J'ai beaucoup de livres,"a lot, many",I have a lot of books.
HSK3,Francais,329c4a59198d,longtemps,hǎojiǔ,好久,我好久没有去中国了,Wǒ hǎojiǔ méiyǒu qù Zhōngguó le,Je n'ai pas été en Chine depuis longtemps,a long time,I haven't been to China for a long time.
HSK3,Francais,b773cf23d0e7,"avoir l'air, comme si, peut-être",hǎoxiàng,好像,今天的天气好像会下雨,Jīntiān de tiānqì hǎoxiàng huì xiàyǔ,Le temps d'aujourd'hui a l'air de vouloir pleuvoir,"to seem, as if",It looks like it will rain today.
HSK3,Francais,b093e94a6486,"numéro, code",hàomǎ,号码,我的电话号码是13888888888,Wǒ de diànhuà hàomǎ shì 13888888888,Mon numéro de téléphone est 13888888888,number,My phone number is 13888888888.
HSK3,Francais,ed8a5cfa806b,rivière,hé,河,长江是中国最长的河,Cháng jiāng shì zhōngguó zuì cháng de hé,Le Yangzi est la rivière la plus longue de Chine,river,The Yangtze is China's longest river.
HSK3,Francais,82a7768a3b53,approprié,héshì,合适,这个价格很合适,Gè zhè jiàgé hěn héshì,Ce prix est très approprié,"suitable, appropriate",This price is very reasonable.
HSK3,Francais,b45c04111c58,tableau noir,hēibǎn,黑板,老师在黑板上写字,Lǎoshī zài hēibǎn shàng xiě zì,Le professeur écrit sur le tableau noir.,blackboard,The teacher writes on the blackboard.
HSK3,Francais,fc8fd98a91cc,feu de circulation,hóng-lǜdēng,红绿灯,在城市里，红绿灯帮助我们安全地过马路,"Zài chéngshì lǐ, hóng-lǜdēng bāngzhù wǒmen ānquán de guò mǎlù","Dans les villes, les feux de circulation nous aident à traverser la route en toute sécurité",traffic light,"In cities, traffic lights help us cross the road safely."
HSK3,Francais,bfd05c1aab48,"plus tard, après",hòulái,后来,我读完书后来做作业,Wǒ dú wán shū hòu lái zuò zuòyè,J'ai terminé de lire mon livre et ensuite j'ai fait mes devoirs.,"later, afterwards",I finished reading my book and then did my homework.
HSK3,Francais,a7ecc3b71223,l'année suivante,hòunián,后年,我计划后年去中国旅行,Wǒ jìhuà hòunián qù zhōngguó lǔxíng,Je prévois de voyager en Chine l'année suivante.,the year after next,I plan to travel to China the year after next.
HSK3,Francais,121584ba7b94,après-demain,hòutiān,后天,我后天要去北京,Wǒ hòutiān yào qù Běijīng,Je vais à Pékin après-demain,the day after tomorrow,I'm going to Beijing the day after tomorrow.
HSK3,Francais,fd2f9d9d7765,passeport,hùzhào,护照,我的护照快过期了,Wǒ de hùzhào kuài guòqī le,Mon passeport va bientôt expirer,passport,My passport is about to expire.
HSK3,Francais,643447b291ea,jardin,huāyuán,花园,我家门前有一个漂亮的花园,Wǒ jiā mén qián yǒu yī gè piǎoliang de huāyuán,J'ai un beau jardin devant chez moi,garden,There's a beautiful garden in front of my house.
HSK3,Francais,830d1ddb2c0a,"peintre, artiste",huàjiā,画家,他是一位画家,Tā shì yī wèi huàjiā,Il est un peintre.,"painter, artist",He is a painter.
HSK3,Francais,aed09d08697c,accueillir,huānyíng,欢迎,我们很高兴欢迎你来到中国,Wǒmen hěn gāoxìng huānyíng nǐ lái dào zhōngguó,Nous sommes ravis de t'accueillir en Chine,to welcome,We are delighted to welcome you to China.
HSK3,Francais,3a4d62f3454d,environnement,huánjìng,环境,保护环境很重要,Bǎohù huánjìng hěn zhòngyào,Protéger l'environnement est très important,environment,Protecting the environment is very important.
HSK3,Francais,b0e1bdb33b12,"échanger, changer",huàn,换,我想换一个新手机,Wǒ xiǎng huàn yī gè xīn shǒu jī,Je veux changer pour un nouveau téléphone.,"to change, to exchange",I want to switch to a new phone.
HSK3,Francais,d81a1beb9926,jaune,huángsè,黄色,这件衣服是黄色的,Zhè jiàn yīfú shì huángsè de,Cette chemise est jaune,yellow,This shirt is yellow.
HSK3,Francais,3c4883cd86bb,répondre,huídá,回答,她回答了老师的问题,Tā huídá le lǎoshī de wèntí,Elle a répondu à la question du professeur,to answer,She answered the teacher's question.
HSK3,Francais,ef5a3ab36f3c,réunion,huìyì,会议,公司下午将举行一个重要的会议,Gōngsī xiàwǔ jiāng jǔxíng yīgè zhòngyào de huìyì,L'entreprise va tenir une réunion importante cet après-midi,meeting,The company will hold an important meeting this afternoon.
HSK3,Francais,a2adc0e6ae03,"ou, (peut-être, peut-être)",huò,或,我可能会去上海或北京,Wǒ kěnéng huì qù Shànghǎi huò Běijīng,Je pourrais aller à Shanghai ou à Pékin,or,I might go to Shanghai or Beijing.
HSK3,Francais,d7d0e738a413,ou,huòzhě,或者,我喜欢吃苹果或者香蕉,Wǒ xǐ huān chī píng guǒ huò zhě xiāng jiāo,J'aime manger des pommes ou des bananes,or,I like eating apples or bananas.
HSK3,Francais,1cfc36243076,poulet,jī,鸡,我有一只鸡,Wǒ yǒu yī zhī jī,J'ai un poulet,chicken,I have a chicken.
HSK3,Francais,4f500c84c970,presque,jīhū,几乎,他们几乎都同意了这个计划,Tāmen jīhū dū tóngyì le zhè ge jìhuà,Ils sont presque tous d'accord avec ce plan,"almost, nearly",They almost all agreed with this plan.
HSK3,Francais,689106b450af,opportunité,jīhuì,机会,这个项目给我提供了一个难得的机会,Zhè ge xiàngmù gěi wǒ tí gōng le yī gè nán dé de jīhuì,Ce projet m'a offert une opportunité rare,opportunity,This project gave me a rare opportunity.
HSK3,Francais,d0fe78171692,extrêmement,jí,极,今天的天气极热,Jīntiān de tiānqì jí rè,Le temps est extrêmement chaud aujourd'hui,extremely,The weather is extremely hot today.
HSK3,Francais,e16e03c20d01,"urgent, (s'inquiéter)",jí,急,我对这件事感到十分急,Wǒ duì zhè jiàn shì gǎn dao shífēn jí,Je me sens très inquiet à propos de cette affaire,"urgent, anxious",I feel very anxious about this matter.
HSK3,Francais,ed624f477a17,se souvenir,jì,记,我会记得你,Wǒ huì jì dé nǐ,Je me souviendrai de toi,"to remember, to note down",I will remember you.
HSK3,Francais,5a3fa7a1bd4c,saison,jì,季,现在是春季,Xiàn zài shì chūn jì,C'est maintenant le printemps.,season,It's now springtime.
HSK3,Francais,1679e7bee02a,saison,jìjié,季节,现在是夏季节,Xiàn zài shì xià jìjié,Maintenant c'est la saison d'été,season,Now it's the summer season.
HSK3,Francais,9c0d05c73569,ajouter,jiā,加,今天我会加油学习中文,Jīn tiān wǒ huì jiā yóu xué xí zhōng wén,"Aujourd'hui, je vais étudier le chinois avec acharnement",to add,Today I'll study Chinese with extra effort.
HSK3,Francais,c28eccd093f3,vacances,jiàqī,假期,我喜欢夏天的假期,Wǒ xǐhuān xiàtiān de jiàqī,J'aime les vacances d'été,"vacation, holiday",I like summer vacations.
HSK3,Francais,353616d85df3,persister,jiānchí,坚持,我会坚持到最后,Wǒ huì jiānchí dào zuìhòu,Je vais persister jusqu'à la fin,"to persist, to insist",I will persist until the end.
HSK3,Francais,8aa5d764f778,"vérifier, inspecter",jiǎnchá,检查,医生会检查我的身体,Yīshēng huì jiǎnchá wǒ de shēntǐ,Le médecin va vérifier mon état de santé,"to check, to examine",The doctor will examine my body.
HSK3,Francais,a9fc66bdefd5,simple,jiǎndān,简单,这个例子是一个简单的句子,Zhè ge lì zǐ shì yī gè jiǎndān de jù zi,Cet exemple est une phrase simple,simple,This example is a simple sentence.
HSK3,Francais,80003e2af330,vérification des billets,jiǎnpiào,检票,火车站的工作人员正在进行检票,Huǒchē zhàn de gōngzuò rényuán zhèngzài jìnxíng jiǎnpiào,Le personnel de la gare effectue une vérification des billets.,ticket check,The station staff are checking tickets.
HSK3,Francais,d1886acba5b4,en bonne santé,jiànkāng,健康,我希望保持健康,Wǒ xīwàng bǎo chí jiànkāng,J'espère rester en bonne santé,"health, healthy",I hope to stay healthy.
HSK3,Francais,e76aa86d24cb,rencontrer,jiànmiàn,见面,我很高兴见面,Wǒ hěn gāoxìng jiànmiàn,Je suis ravi de vous rencontrer,to meet,I'm glad to meet you.
HSK3,Francais,cf3e57244360,"parler, parler",jiǎng,讲,老师在课堂上讲解数学,Lǎoshī zài kètáng shàng jiǎng jiě shùxué,Le professeur explique les mathématiques en classe.,"to speak, to explain",The teacher explains math in class.
HSK3,Francais,fadc6a5b195e,"mesurer le mot pour les fractions, l'angle, la monnaie",jiǎo,角,一角钱,Yī jiǎo qián,Un dixième de yuan,jiao (10 cents); angle,One jiao (ten cents).
HSK3,Francais,67cbd715a663,pied,jiǎo,脚,我的左脚有点疼,Wǒ de zuǒ jiǎo yǒu diǎn téng,Mon pied gauche fait un peu mal,foot,My left foot hurts a bit.
HSK3,Francais,a482b2687cd3,"ramasser, recevoir",jiē,接,我將收到你的禮物,Wǒ jiāng jiē dào nǐ de lǐwù,Je vais recevoir ton cadeau,"to receive, to pick up",I will receive your gift.
HSK3,Francais,09a638226e81,rue,jiē,街,我住在主街,Wǒ zhù zài zhǔ jiē,J'habite dans la rue principale,street,I live on the main street.
HSK3,Francais,10ca3c89874f,"mesurer le mot pour les segments, sections, leçons, festival, joint, (pour enregistrer, contrôler)",jié,节,这个课程有十二节,Zhè ge kè chéng yǒu shí èr jié,Ce cours comporte douze leçons,"classifier for lessons, sections; festival",This course has twelve lessons.
HSK3,Francais,f10d1512e1cc,se marier,jiéhūn,结婚,她明年要结婚,Tā míngnián yào jiéhūn,Elle va se marier l'année prochaine,"to marry, to get married",She will get married next year.
HSK3,Francais,22cad079a384,programme,jiémù,节目,我喜欢看电视节目,Wǒ xǐ huān kàn diàn shì jiémù,J'aime regarder les programmes télévisés,program,I like watching TV programs.
HSK3,Francais,a3b7ced70fdd,festival,jiérì,节日,我喜欢过节日,Wǒ xǐ huān guò jiérì,J'aime les festivals.,"festival, holiday",I like festivals.
HSK3,Francais,3e7a9419c1ff,terminer,jiéshù,结束,会议终于结束了,Huìyì zhōngyú jiéshù le,La réunion est enfin terminée,"to end, to finish",The meeting is finally over.
HSK3,Francais,28c7ef593184,résoudre,jiějué,解决,我们需要解决这个问题,Wǒmen xūyào jiějué zhè ge wèntí,Nous devons résoudre ce problème,to solve,We need to solve this problem.
HSK3,Francais,6ff2c46e2a28,sœur,jiěmèi,姐妹,她是我最好的姐妹,Tā shì wǒ zuì hǎo de jiěmèi,Elle est ma meilleure sœur.,sisters,She is my best sister.
HSK3,Francais,21934ea7b4fb,emprunter,jiè,借,我想借一本书,Wǒ xiǎng jiè yī běn shū,Je veux emprunter un livre,"to borrow, to lend",I want to borrow a book.
HSK3,Francais,b1c53962b38b,méchant,jīn,斤,他是很斤的人,Tā shì hěn jīn de rén,Il est très méchant.,jin (half a kilogram),He is a very mean person.
HSK3,Francais,f0684d56a1e7,"passer, traiter",jīngguò,经过,我已经经过了很多困难,Wǒ yǐjīng jīngguò le hěn duō kùnnán,J'ai déjà traversé beaucoup de difficultés,"to pass by, to go through",I've already been through many difficulties.
HSK3,Francais,b0ef8c6cc2fd,directeur,jīnglǐ,经理,公司的经理非常严格,Gōngsī de jīnglǐ fēicháng yán gé,Le directeur de l'entreprise est très strict,manager,The company manager is very strict.
HSK3,Francais,25a1256fd3ef,long,jiǔ,久,我已经等了很久,Wǒ yǐjīng děng le hěn jiǔ,J'ai déjà attendu longtemps,long (time),I've already waited a long time.
HSK3,Francais,a9bfb392f070,alcool,jiǔ,酒,我喜欢喝酒,Wǒ xǐhuān hē jiǔ,J'aime boire de l'alcool.,"alcohol, wine",I like drinking alcohol.
HSK3,Francais,02a65f32d40a,vieux,jiù,旧,这件旧衣服已经不能穿了,Zhè jiàn jiù yīfu yǐjīng bù néng chuān le,Cette vieille robe ne peut plus être portée,old (used),This old piece of clothing can no longer be worn.
HSK3,Francais,9a8eafdd9f4d,mesurer le mot d'une phrase,jù,句,这是一句简单的例子,Zhè shì yī jù jiǎn dān de lì zǐ,C'est un exemple simple d'une phrase,classifier for sentences,This is a simple example sentence.
HSK3,Francais,9cd4626c7808,phrase,jùzi,句子,这是一个简单的句子,Zhè shì yī gè jiǎn dān de jùzi,Ceci est une phrase simple,sentence,This is a simple sentence.
HSK3,Francais,32eb319aa318,"décider, décision",juédìng,决定,我已经决定去中国学习中文,Wǒ yǐjīng juédìng qù zhōng guó xué xí zhōng wén,J'ai déjà décidé d'aller en Chine pour étudier le chinois,"to decide, decision",I've decided to go to China to study Chinese.
HSK3,Francais,565f471b1dfc,carte,kǎ,卡,我把银行卡弄丢了,Wǒ bǎ yínháng kǎ nòng diū le,J'ai perdu ma carte bancaire,card,I lost my bank card.
HSK3,Francais,70263be794be,fleurir,kāihuā,开花,花开了,Huā kāi le,La fleur a fleuri,to bloom,The flowers have bloomed.
HSK3,Francais,83fe2b5d8837,avoir une réunion,kāihuì,开会,我们下周要开会,Wǒmen xià zhōu yào kāihuì,Nous devons avoir une réunion la semaine prochaine.,to have a meeting,We have to have a meeting next week.
HSK3,Francais,64b8dcf4ee1f,pour allumer l'appareil,kāijī,开机,请打开电脑并且开机,Qǐng dǎkāi diànnǎo bìng qiě kāijī,Veuillez allumer l'ordinateur et le mettre en marche,to power on,Please turn on the computer and start it up.
HSK3,Francais,61953b4fe40b,heureux,kāixīn,开心,我今天很开心,Wǒ jīntiān hěn kāixīn,Je suis très heureux aujourd'hui,happy,I'm very happy today.
HSK3,Francais,65b1087c9fc1,"il semble, il semble",kànlái,看来,今天的天气看来会下雨,Jīn tiān de tiān qì kànlái huì xià yǔ,Il semble qu'il pleuvra aujourd'hui,"it seems, it looks like",It looks like it will rain today.
HSK3,Francais,495932f96b23,mais (encore),kě,可,今天我还可以去公园,Jīn tiān wǒ hái kě yǐ qù gōng yuán,"Aujourd'hui, je peux encore aller au parc","but, yet",Today I can still go to the park.
HSK3,Francais,317740531f7e,soif,kě,渴,我口渴了，需要喝水,"Wǒ kǒu kě le, xūyào hē shuǐ","J'ai soif, j'ai besoin de boire de l'eau",thirsty,I'm thirsty; I need to drink water.
HSK3,Francais,cbbdf39c4234,beau,kě'ài,可爱,她是一个可爱的女孩,Tā shì yī gè kě'ài de nǚhái,Elle est une fille charmante,"cute, lovable",She is a cute girl.
HSK3,Francais,f4002af4128c,mais,kěshì,可是,,,,"but, however",
HSK3,Francais,c6cff2f5c9e2,"quart, tailler",kè,刻,钟表上有一根指针在刻度盘上移动,Zhōng biǎo shàng yǒu yī gēn zhǐ jiān zài kè dù pán shàng yí dòng,L'horloge a une aiguille qui bouge sur le cadran gradué,quarter (of an hour); to carve,The needle on the clock moves on the graduated dial.
HSK3,Francais,567e196b8b28,manuel,kèběn,课本,我的课本很重,Wǒ de kèběn hěn zhòng,Mon manuel est très lourd,textbook,My textbook is very heavy.
HSK3,Francais,e78515c8087b,invité,kèrén,客人,今天我们家有客人,Jīn tiān wǒmen jiā yǒu kèrén,"Aujourd'hui, nous avons des invités à la maison.",guest,Today we have guests at home.
HSK3,Francais,3e5cde9ef9d1,texte,kèwén,课文,今天我们要读的课文很长,Jīn tiān wǒ men yào dú de kèwén hěn cháng,Le texte que nous allons lire aujourd'hui est très long,text (of a lesson),The text we're going to read today is very long.
HSK3,Francais,5a94baea9892,climatiseur,kōngtiáo,空调,我的房间里有一个空调,Wǒ de fángjiān lǐ yǒu yī gè kōngtiáo,Ma chambre a un climatiseur,air conditioner,My room has an air conditioner.
HSK3,Francais,119f047dda3b,pleurer,kū,哭,她看到悲伤的新闻就开始哭,Tā kàn dào bēi shāng de xīn wén jiù kāi shǐ kū,Elle voit des nouvelles tristes et commence à pleurer,to cry,She sees sad news and starts crying.
HSK3,Francais,ac422d819679,baguettes,kuàizi,筷子,我会用筷子吃饭,Wǒ huì yòng kuàizi chī fàn,Je vais manger avec des baguettes.,chopsticks,I can eat with chopsticks.
HSK3,Francais,1c00c3d40d59,eau minérale,kuàngquánshuǐ,矿泉水,我喜欢喝矿泉水,Wǒ xǐ huān hē kuàng quán shuǐ,J'aime boire de l'eau minérale,mineral water,I like drinking mineral water.
HSK3,Francais,480127b99b0c,venir de,láizì,来自,我来自法国,Wǒ láizì fǎguó,Je viens de France,to come from,I come from France.
HSK3,Francais,70e41ceb646f,bleu,lán,蓝,天空是蓝色的,Tiān kōng shì lán sè de,Le ciel est bleu.,blue,The sky is blue.
HSK3,Francais,7bd76b34ae61,"vieux, vieilli, préfixe indiquant l'ancienneté ou l'affection, (toujours, constamment)",lǎo,老,他是老板,Tā shì lǎo bǎn,Il est le patron.,old; prefix showing familiarity or seniority,He is the boss.
HSK3,Francais,fb48249d2585,personne âgée,lǎorén,老人,老人在公园里散步,Lǎorén zài gōngyuán lǐ sànbù,La personne âgée se promène dans le parc,"old person, the elderly",The old man is walking in the park.
HSK3,Francais,b52f96c06356,partir,líkāi,离开,明天我要离开北京了,Míngtiān wǒ yào líkāi běijīng le,"Demain, je pars de Pékin.",to leave,Tomorrow I'm leaving Beijing.
HSK3,Francais,eff8783d8105,cadeau,lǐwù,礼物,我给朋友送了一个礼物,Wǒ gěi pēng yǒu sòng le yī gè lǐwù,J'ai offert un cadeau à mon ami,gift,I gave a gift to my friend.
HSK3,Francais,b2489e850062,histoire,lìshǐ,历史,中国有着悠久的历史,Zhōngguó yǒu zhe yōujiǔ de lìshǐ,La Chine a une histoire particulièrement longue.,history,China has a particularly long history.
HSK3,Francais,2cb566cb45cb,affronter,liǎn,脸,她脸红了,Tā liǎn hóng le,Elle a rougi.,face,She blushed.
HSK3,Francais,64cc36058364,pratiquer,liàn,练,我每天练习中文,Wǒ měi tiān liàn xí zhōng wén,Je pratique le chinois tous les jours,to practice,I practice Chinese every day.
HSK3,Francais,847d3c25adb9,"pratiquer, faire de l'exercice",liànxí,练习,每天早晨我都会去练习打篮球,Měi tiān zǎo chén wǒ dū huì qù liànxí dǎ lán qiú,"Chaque matin, je vais faire de l'exercice en jouant au basket.","to practice, exercise",Every morning I go to practice playing basketball.
HSK3,Francais,a361dbb9c989,cool,liángkuai,凉快,今天的天气很凉快,Jīn tiān de tiān qì hěn liáng kuai,Le temps est très agréable aujourd'hui,cool (weather),The weather is very cool today.
HSK3,Francais,793e214f3bd0,mesurer le mot pour les véhicules,liàng,辆,我有一辆新自行车,Wǒ yǒu yī liàng xīn zìxíngchē,J'ai une nouvelle bicyclette.,classifier for vehicles,I have a new bicycle.
HSK3,Francais,d65b8389b3a3,discuter,liáo,聊,我们在公园里聊了很久,Wǒmen zài gōngyuán lǐ liáo le hěn jiǔ,Nous avons discuté longtemps dans le parc,to chat,We chatted for a long time in the park.
HSK3,Francais,8278b143be50,discuter,liáotiānr,聊天儿,我们喜欢在一起聊天儿,Wǒmen xǐhuān zài yīqǐ liáotiānr,Nous aimons discuter ensemble.,to chat,We like chatting together.
HSK3,Francais,ccc8883c03e5,comprendre,liǎojiě,了解,我已经了解了这个问题,Wǒ yǐjīng liǎojiě le zhège wèntí,J'ai déjà compris ce problème,"to understand, to know about",I already understand this problem.
HSK3,Francais,60c7e5cea51a,voisin,línjū,邻居,我喜欢和我的邻居聊天,Wǒ xǐ huān hé wǒ de línjū liáo tiān,J'aime discuter avec mon voisin.,neighbor,I like chatting with my neighbor.
HSK3,Francais,42558b3fbfd2,étudier à l'étranger,liúxué,留学,我想留学法国,Wǒ xiǎng liúxué fǎguó,Je veux étudier en France,to study abroad,I want to study in France.
HSK3,Francais,333b6b217488,étudiant étranger,liúxuéshēng,留学生,我是留学生,Wǒ shì liúxuéshēng,Je suis un étudiant étranger,international student,I am an international student.
HSK3,Francais,515005e04530,escaliers,lóutī,楼梯,我要爬楼梯去四楼,Wǒ yào pá lóutī qù sì lóu,Je vais monter les escaliers pour aller au quatrième étage,stairs,I'll take the stairs to the fourth floor.
HSK3,Francais,0cc2f5606026,bord de la route,lùbiān,路边,我正在路边等公交车,Wǒ zhèngzài lùbiān dēng gōngjìchē,Je suis en train d'attendre le bus au bord de la route,roadside,I'm waiting for the bus by the roadside.
HSK3,Francais,f66ae09fd9e3,intersection,lùkǒu,路口,红绿灯在路口闪烁,Hóng lǜ dēng zài lùkǒu shǎn shè,Le feu rouge et vert clignote à l'intersection,intersection,The traffic light is flashing at the intersection.
HSK3,Francais,ff1440b15081,cheval,mǎ,马,我有一匹马,Wǒ yǒu yī pǐ mǎ,J'ai un cheval,horse,I have a horse.
HSK3,Francais,be221ea86812,route,mǎlù,马路,我正在走马路,Wǒ zhèngzài zǒu mǎlù,Je suis en train de marcher sur la route,road,I'm walking on the road.
HSK3,Francais,2abf80992f30,immédiatement,mǎshàng,马上,我马上回家,Wǒ mǎshàng huí jiā,Je rentre immédiatement à la maison,immediately,I'll be home right away.
HSK3,Francais,6dac4e78779b,satisfait,mǎnyì,满意,我对工作的成果很满意,Wǒ duì gōng zuò de chéng guǒ hěn mǎn yì,Je suis très satisfait du résultat de mon travail,satisfied,I'm very satisfied with the results of my work.
HSK3,Francais,e827de817fec,"mesurer le mot pour l'argent, (cheveux)",máo,毛,她有很多长毛,Tā yǒu hěn duō cháng máo,Elle a beaucoup de cheveux longs.,mao (10 cents); hair,She has a lot of long hair.
HSK3,Francais,6932eb26b0a2,mètre,mǐ,米,这根绳子的长度有一米,Zhè gēn shéng zǐ de chángdù yǒu yī mǐ,La longueur de cette corde est d'un mètre,meter; rice,The length of this rope is one meter.
HSK3,Francais,21affdb7a485,devant,miànqián,面前,我把书放在桌子面前,Wǒ bǎ shū fàng zài zhuōzi miànqián,Je mets le livre devant la table.,in front of,I put the book in front of the table.
HSK3,Francais,e04af0f9c89c,"comprendre, clair",míngbai,明白,我现在明白了这个问题,Wǒ xiàn zài míng bai le zhè ge wèn tí,Je comprends maintenant ce problème,"to understand, clear",I now understand this problem.
HSK3,Francais,af5e8ea04eb0,liste de noms,míngdān,名单,我在名单上有一个名字,Wǒ zài míngdān shàng yǒu yī gè míngzì,J'ai un nom sur la liste.,name list,I have a name on the list.
HSK3,Francais,e442fdfe3d6c,personne célèbre,míngrén,名人,她是中国的一位名人,Tā shì Zhōngguó de yī wèi míng rén,Elle est une célébrité en Chine,celebrity,She is a celebrity in China.
HSK3,Francais,02b6d4580a08,sud,nán,南,北京是中国的南方城市,Běijīng shì Zhōngguó de nán fāng chéngshì,Pékin est une ville du sud de la Chine,south,Beijing is a city in southern China.
HSK3,Francais,5d5212df22c8,"difficile, (rendre difficile)",nán,难,这个工作对我来说很难,Zhè ge gōngzuò duì wǒ láishuō hěn nán,Ce travail est très difficile pour moi,difficult,This job is very difficult for me.
HSK3,Francais,5ad31e2addd2,sud,nánfāng,南方,我来自南方,Wǒ láizì nánfāng,Je viens du sud,the south (region),I come from the south.
HSK3,Francais,cfe1283dae98,triste,nánguò,难过,她听到坏消息时看起来很难过,Tā tīng dào huài xiāo xi shí kàn qǐ lái hěn nánguò,Elle avait l'air très triste lorsqu'elle a entendu la mauvaise nouvelle.,sad,She looked very sad when she heard the bad news.
HSK3,Francais,42867b630dfd,laid,nánkàn,难看,这件衣服很难看,Zhè jiàn yīfú hěn nánkàn,Cette chemise est très laide,ugly,This shirt is very ugly.
HSK3,Francais,6a14b59e16c1,homme,nánrén,男人,那个男人叫约翰,Nà ge nánrén jiào yuēhàn,Cet homme s'appelle Jean,man,That man is called John.
HSK3,Francais,4067cfd6b555,garçon étudiant,nánshēng,男生,男生正在学习中文,Nánshēng zhèngzài xuéxí zhōngwén,Le garçon étudiant apprend le chinois,male student,The male student is learning Chinese.
HSK3,Francais,d0d46630545b,problème difficile,nántí,难题,这个问题是难题,Zhè ge wèn tí shì nántí,Ce problème est une difficulté.,difficult problem,This problem is a difficult one.
HSK3,Francais,bffd681c189c,désagréable à entendre,nántīng,难听,我不喜欢难听的音乐,Wǒ bù xǐ huān nántīng de yīn lè,Je n'aime pas la musique désagréable à entendre,unpleasant to hear,I don't like unpleasant-sounding music.
HSK3,Francais,533543509ec1,grade,niánjí,年级,我读六年级,Wǒ dú liù niánjí,J'étudie en sixième année,grade (school year),I'm in the sixth grade.
HSK3,Francais,5e72366563de,jeune,niánqīng,年轻,她是年轻的老师,Tā shì niánqīng de lǎoshī,Elle est une enseignante jeune.,young,She is a young teacher.
HSK3,Francais,a5e1b91eda0e,"vache, (génial)",niú,牛,我有一头很牛的狗,Wǒ yǒu yī tóu hěn niú de gǒu,J'ai un chien qui est vraiment génial,cow; awesome (slang),I have a really awesome dog.
HSK3,Francais,71ff8092db60,"travailler dur, travailleur",nǔlì,努力,我每天都努力学习,Wǒ měi tiān dū nǔlì xuéxí,Je travaille dur chaque jour pour étudier,"to work hard, hardworking",I study hard every day.
HSK3,Francais,3bd52cdbf0db,femme,nǚrén,女人,我认识一个很好的女人,Wǒ rènshi yī gè hěn hǎo de nǚrén,Je connais une très bonne femme,woman,I know a very good woman.
HSK3,Francais,6b7851ec0ff9,étudiante,nǚshēng,女生,我是一名女生,Wǒ shì yī míng nǚshēng,Je suis une étudiante,female student,I am a female student.
HSK3,Francais,4026f3310ffb,grimper,pá,爬,我喜欢爬山,Wǒ xǐ huān pá shān,J'aime grimper dans les montagnes,to climb,I like climbing mountains.
HSK3,Francais,05271a01af4e,"avoir peur, (peut-être)",pà,怕,我怕下雨,Wǒ pà xià yǔ,J'ai peur de la pluie,"to fear, to be afraid of",I'm afraid of rain.
HSK3,Francais,b3cfec820127,prendre une photo,pāizhào,拍照,我喜欢去公园拍照,Wǒ xǐ huān qù gōng yuán pāi zhào,J'aime aller au parc prendre des photos,to take a photo,I like going to the park to take photos.
HSK3,Francais,f9ce0b796684,plaque,pánzi,盘子,我洗了一个盘子,Wǒ xǐ le yī gè pánzi,J'ai lavé une plaque,"plate, dish",I washed a plate.
HSK3,Francais,41b7f88bde96,graisse,pàng,胖,我有点儿胖,Wǒ yǒu diǎn ér pàng,Je suis un peu gras.,fat,I'm a bit fat.
HSK3,Francais,7b63a0f9ebf8,bière,píjiǔ,啤酒,我喜欢喝冰啤酒,Wǒ xǐhuān hē bīng píjiǔ,J'aime boire de la bière froide,beer,I like drinking cold beer.
HSK3,Francais,2fa4527d714b,généralement,píngshí,平时,我平时都在图书馆学习,Wǒ píngshí dōu zài túshūguǎn xuéxí,Je vais généralement étudier à la bibliothèque,"normally, usually",I usually study in the library.
HSK3,Francais,2c09567e397b,bouteille,píngzi,瓶子,我的桌子上有一個瓶子,Wǒ de zhuōzi shàng yǒu yī gè píngzi,Il y a une bouteille sur mon bureau,bottle,There's a bottle on my desk.
HSK3,Francais,e937603377df,rouler,qí,骑,我喜欢骑自行车,Wǒ xǐ huān qí zì xíng chē,J'aime faire du vélo,to ride,I like riding a bicycle.
HSK3,Francais,512fff8867de,étrange,qíguài,奇怪,那个人行为非常奇怪,Nà gè rén de xíngwéi fēicháng qíguài,Cette personne a un comportement très étrange,strange,That person behaves very strangely.
HSK3,Francais,7e90580c2ba5,en fait,qíshí,其实,我觉得这部电影很好，实际它并没有那么好,"Wǒ juéde zhè bù diànyǐng hěn hǎo, qíshí tā bīng méiyǒu nàme hǎo","Je pense que ce film est excellent, en fait, il ne l'est pas realmente.","actually, in fact",I think this movie is great; actually it's not that good.
HSK3,Francais,3b9b9ea3e671,autre,qítā,其他,我喜欢运动，其他活动都很无聊,"Wǒ xǐhuān yùndòng, qítā huódòng dōu hěn wúliáo","J'aime les sports, les autres activités sont très ennuyeuses.",other,I like sports; other activities are very boring.
HSK3,Francais,5da7d2f24531,"se lever, se lever, (mesurer le mot pour les événements)",qǐ,起,今天我要起早去上班,Jīn tiān wǒ yào qǐ zǎo qù shàng bān,"Aujourd'hui, je vais me lever tôt pour aller travailler.","to rise, to get up; classifier for occurrences",Today I have to get up early to go to work.
HSK3,Francais,7ab604be579f,décoller,qǐfēi,起飞,飞机准备起飞,Fēijī zhǔnbèi qǐfēi,L'avion se prépare à décoller,to take off (plane),The plane is preparing to take off.
HSK3,Francais,5a819f3e2a42,voiture,qìchē,汽车,我有一辆汽车,Wǒ yǒu yī liàng qìchē,J'ai une voiture,"car, automobile",I have a car.
HSK3,Francais,257e4d4007f3,crayon,qiānbǐ,铅笔,我喜欢用 铅笔 写字,Wǒ xǐ huān yòng qiānbǐ xiě zì,J'aime écrire avec un crayon.,pencil,I like writing with a pencil.
HSK3,Francais,b7ffb6ad9743,l'année dernière,qiánnián,前年,前年我去北京玩,Qiánnián wǒ qù běijīng wán,"L'année dernière, je suis allé à Pékin pour jouer.",the year before last,The year before last I went to Beijing for fun.
HSK3,Francais,976fcf7619f9,avant-hier,qiántiān,前天,前天我去看电影,Qiántiān wǒ qù kàn diànyǐng,"Avant-hier, je suis allé voir un film",the day before yesterday,The day before yesterday I went to see a movie.
HSK3,Francais,afd761d59637,"clair, évident, à comprendre",qīngchu,清楚,这个问题的答案非常清楚,Zhè ge wèn tí de dá àn hěn qīngchu,La réponse à cette question est très claire,clear,The answer to this question is very clear.
HSK3,Francais,e0aa9085598a,demander un congé,qǐngjià,请假,我明天需要请假一天,Wǒ míngtiān xūyào qǐngjià yī tiān,"Demain, j'ai besoin de demander un congé d'une journée",to ask for leave,Tomorrow I need to ask for a day off.
HSK3,Francais,233a32bf0b91,"inviter des invités, traiter quelqu'un",qǐngkè,请客,今天我请客吃饭,Jīn tiān wǒ qǐng kè chī fàn,"Aujourd'hui, je traite des invités au restaurant",to treat someone (to a meal),Today I'm treating my guests to dinner.
HSK3,Francais,e9403945f79e,automne,qiūtiān,秋天,我爱秋天的风景,Wǒ ài qiūtiān de fēngjǐng,J'adore le paysage de l'automne,autumn,I love autumn scenery.
HSK3,Francais,70f82de80303,"terrain de sport, terrain",qiúchǎng,球场,学校的球场非常大,Xuéxiào de qiúchǎng fēicháng dà,Le terrain de l'école est très grand,"sports field, court",The school sports field is very big.
HSK3,Francais,fcc0c7ffe951,jupe,qúnzi,裙子,我穿着一件漂亮的裙子,Wǒ chuān zhe yī jiàn piào liang de qúnzi,Je porte une jolie jupe,skirt,I'm wearing a pretty skirt.
HSK3,Francais,8a3bc39f1e6b,"puis, après",ránhòu,然后,我早上去学校，然后上课,"Wǒ zǎoshang qù xuéxiào,然後 shàngkè","Je vais à l'école le matin, puis je vais en classe.","then, afterwards","I go to school in the morning, then go to class."
HSK3,Francais,6b900abf8e83,enthousiaste,rèqíng,热情,她是一个热情的人,Tā shì yī gè rèqíng de rén,Elle est une personne enthousiaste.,"enthusiastic, warm",She is an enthusiastic person.
HSK3,Francais,7696abc00ee6,"reconnaître, savoir",rènde,认得,我认得这个字,Wǒ rènde zhè ge zì,Je reconnais ce caractère,to recognize,I recognize this character.
HSK3,Francais,b567c229ae9a,"penser, considérer",rènwéi,认为,他认为学习中文很有趣,Tā rènwéi xuéxí zhōngwén hěn yǒuqù,Il pense que apprendre le chinois est très amusant,"to think, to consider",He thinks learning Chinese is a lot of fun.
HSK3,Francais,897b8098cc3a,"sérieux, sérieux",rènzhēn,认真,我会认真学习中文,Wǒ huì rènzhēn xuéxí zhōngwén,Je vais étudier le chinois sérieusement,"serious, earnest",I will study Chinese seriously.
HSK3,Francais,aa945b6999bb,facile,róngyì,容易,我认为这个工作很容易,Wǒ rèn wéi zhè ge gōng zuò hěn róng yì,Je pense que ce travail est très facile,easy,I think this job is very easy.
HSK3,Francais,bc1d6351452f,si,rúguǒ,如果,如果我去北京的话，我会去参观天安门,"Rúguǒ wǒ qù Běijīng de huà, wǒ huì qù cānguān Tiān'ānmén","Si je vais à Pékin, je vais visiter la Porte de la Paix céleste",if,"If I go to Beijing, I will visit Tiananmen Square."
HSK3,Francais,b1d9b089c02d,parapluie,sǎn,伞,今天我需要一个伞,Jīn tiān wǒ xū yào yī gè sǎn,"Aujourd'hui, j'ai besoin d'un parapluie",umbrella,Today I need an umbrella.
HSK3,Francais,c2114154b7e3,balayer,sǎo,扫,我会扫地,Wǒ huì sǎo dì,Je vais balayer le sol,to sweep,I can sweep the floor.
HSK3,Francais,c78f14c62b1f,canapé,shāfā,沙发,我刚刚买了一个很大的沙发,Wǒ gānggāng mǎi le yī gè hěn dà de shāfā,Je viens d'acheter un très grand canapé,sofa,I just bought a very big sofa.
HSK3,Francais,447fb4b6814c,montagne,shān,山,我住在山里,Wǒ zhù zài shān lǐ,J'habite dans la montagne,mountain,I live in the mountains.
HSK3,Francais,8a55731bf5ec,"veste, vêtement haut",shàngyī,上衣,我今天穿了一件白色的上衣,Wǒ jīntiān chuān le yī jiàn báisè de shàngyī,J'ai porté aujourd'hui une veste blanche,"upper garment, jacket",I'm wearing a white top today.
HSK3,Francais,f7b2b7d5b311,cuillère,sháozi,勺子,我需要一把勺子,Wǒ xūyào yī bǎ sháozi,J'ai besoin d'une cuillère,spoon,I need a spoon.
HSK3,Francais,84bad48f2458,à ses côtés,shēnbiān,身边,我的家人一直都在我身边,Wǒ de jiārén yìzhí dōu zài wǒ shēnbiān,Ma famille a toujours été à mes côtés,by one's side,My family has always been by my side.
HSK3,Francais,200f8c9bbc4d,hauteur,shēngāo,身高,我的身高是一米八,Wǒ de shēngāo shì yī mǐ bā,Ma hauteur est de 1m80,height (of body),My height is 1.8 meters.
HSK3,Francais,094639e73e93,"son, voix, Classificateur pour les sons",shēng,声,那个人喜欢大声唱歌,Nà ge rén xǐ huān dà shēng chàng gē,Cette personne aime chanter à haute voix,"sound, voice; classifier for sounds",That person likes to sing loudly.
HSK3,Francais,772ff8ecbc48,"la vie, vivre",shēnghuó,生活,我爱我的生活,Wǒ ài wǒ de shēnghuó,J'aime ma vie,"life, to live",I love my life.
HSK3,Francais,783fa103263c,se mettre en colère,shēngqì,生气,当我看到这件事时我生气了,Dāng wǒ kàn dào zhè jiàn shì de shí hòu wǒ shēngqì le,"Lorsque j'ai vu cela, je me suis mis en colère",to get angry,"When I saw this, I got angry."
HSK3,Francais,11b5d3f8c912,son,shēngyīn,声音,音乐里的声音很美,Yīnyuè lǐ de shēngyīn hěn měi,La musique contient un son très beau,"sound, voice",The sound in the music is very beautiful.
HSK3,Francais,c51263dd611d,ville,shì,市,北京市很大,Běijīng shì hěn dà,La ville de Pékin est très grande,"city, market",The city of Beijing is very big.
HSK3,Francais,cf07fb69f740,essayer,shì,试,我要去试一下新的手机,Wǒ yào qù shì yī xià xīn de shǒu jī,Je veux essayer le nouveau téléphone.,to try,I want to try the new phone.
HSK3,Francais,a03ee6882d4d,chambre,shì,室,我在客厅的书房里工作,Wǒ zài kètīng de shūfáng lǐ gōngzuò,Je travaille dans la chambre à coucher du salon,room,I work in the study of the living room.
HSK3,Francais,2d4a73ef239c,monde,shìjiè,世界,世界和平很重要,Shìjiè hépíng hěn zhòngyào,La paix mondiale est très importante,world,World peace is very important.
HSK3,Francais,3bbe056be99e,recevoir,shōu,收,我将收到一封信,Wǒ jiāng shōu dào yī fēng xìn,Je vais recevoir une lettre,to receive,I will receive a letter.
HSK3,Francais,282586125e9e,recevoir,shōudào,收到,我收到了你的信,Wǒ shōudào le nǐ de xìn,J'ai reçu ta lettre,to receive,I received your letter.
HSK3,Francais,80ff5d773013,"recevoir, être affecté",shòu,受,我会受到他们的帮助,Wǒ huì shòu dào tāmen de bāngzhù,Je vais recevoir leur aide,"to receive, to suffer",I will receive their help.
HSK3,Francais,ee469ea05a8a,"mince, mince",shòu,瘦,她脸变得很瘦,Tā liǎn biàn de hěn shòu,Son visage est devenu très mince,thin,Her face became very thin.
HSK3,Francais,4cd348796b7f,"recevoir, être soumis à",shòudào,受到,这个项目受到许多投资者的关注,Gè zhè xiàngmù shòudào xǔduō tóuzīzhě de guānzhu,Ce projet a attiré l'attention de nombreux investisseurs,"to receive, to be subjected to",This project has attracted the attention of many investors.
HSK3,Francais,24064b390a52,oncle,shūshu,叔叔,我爱我的叔叔,Wǒ ài wǒ de shūshu,J'aime mon oncle,uncle,I love my uncle.
HSK3,Francais,41ae45df007b,arbre,shù,树,我想种一棵树,Wǒ xiǎng zhòng yī kē shù,Je veux planter un arbre,tree,I want to plant a tree.
HSK3,Francais,5b156823b808,mathématiques,shùxué,数学,我喜欢学习数学,Wǒ xǐhuān xuéxí shùxué,J'aime étudier les mathématiques,mathematics,I like studying mathematics.
HSK3,Francais,52dc77610edf,"brosser, frotter",shuā,刷,我喜欢刷牙,Wǒ xǐhuān shuā yá,J'aime brosser les dents,to brush,I like brushing my teeth.
HSK3,Francais,d31c1b14b856,"paire, mesurez le mot pour les paires",shuāng,双,双胞胎姐妹很可爱,Shuāng bāo tāi jiě mèi hěn kě ài,Les sœurs jumelles sont très mignonnes.,pair; classifier for pairs,The twin sisters are very cute.
HSK3,Francais,323a6bfdfcc5,"niveau, norme",shuǐpíng,水平,他达到了国际水平,Tā dá dào le guó jì shuǐ píng,Il a atteint le niveau international,"level, standard",He has reached the international level.
HSK3,Francais,57fe1db20940,conducteur,sījī,司机,我的爸爸是一名司机,Wǒ de bàba shì yī míng sījī,Mon père est un conducteur,driver,My father is a driver.
HSK3,Francais,e6092f85c92e,quatre saisons,sìjì,四季,我喜欢观赏四季的变化,Wǒ xǐ huān guān shǎng sì jì de biàn huà,J'aime observer les changements des quatre saisons,the four seasons,I like observing the changes of the four seasons.
HSK3,Francais,9aa62d6b223d,soleil,tàiyáng,太阳,今天的太阳非常亮,Jīn tiān de tàiyáng fēi cháng liàng,Le soleil est très brillant aujourd'hui,sun,The sun is very bright today.
HSK3,Francais,07b073b01217,"bonbons, sucre",táng,糖,我爱吃甜的东西，特别是糖,"Wǒ ài chī tián de dōngxi, bìngqiě shì táng","J'adore manger des choses sucrées, surtout le sucre","sugar, candy","I love eating sweet things, especially candy."
HSK3,Francais,3df212f3b90a,"spécial, en particulier",tèbié,特别,今天的天气特别好,Jīn tiān de tiān qì tè bié hǎo,Le temps est particulièrement beau aujourd'hui.,"special, especially",The weather is particularly nice today.
HSK3,Francais,85818d36676c,"élever, améliorer",tígāo,提高,我们需要提高自己的中文水平。,Wǒmen xūyào tígāo zìjǐ de zhōngwén shuǐpíng,Nous devons améliorer notre niveau de chinois.,"to raise, to improve",We need to improve our Chinese level.
HSK3,Francais,1e799704a5ee,éducation physique,tǐyù,体育,我喜欢参加体育比赛,Wǒ xǐ huān cān jiā tǐyù bǐ sài,J'aime participer à des compétitions d'éducation physique,physical education,I like participating in sports competitions.
HSK3,Francais,c1c423b556e2,gymnase,tǐyùguǎn,体育馆,我们学校的体育馆很大,Wǒmen xuéxiào de tǐyùguǎn hěn dà,Le gymnase de notre école est très grand,gymnasium,Our school gymnasium is very big.
HSK3,Francais,1f7f70fd9ffa,doux,tián,甜,苹果很甜,Píng guǒ hěn tián,La pomme est très douce,sweet,The apple is very sweet.
HSK3,Francais,f540a4056034,sauter,tiào,跳,她喜欢跳舞,Tā xǐ huān tiào wǔ,Elle aime sauter la danse (ou faire de la danse).,to jump,She likes dancing.
HSK3,Francais,45cab982cb4d,entendre dire,tīngshuō,听说,我听说过这个电影,Wǒ tīngshuō guò zhè ge diànyǐng,J'ai entendu dire que ce film,"to hear (that), it is said",I have heard of this movie.
HSK3,Francais,2c7dd678da6c,plutôt plutôt (endurer),tǐng,挺,我挺喜欢吃中国菜,Wǒ tǐng xǐ huān chī zhōng guó cài,J'aime plutôt manger de la cuisine chinoise,"quite, rather",I quite like eating Chinese food.
HSK3,Francais,f3da84e1c88b,collègue,tóngshì,同事,我的同事叫王老师,Wǒ de tóngshì jiào wáng lǎoshī,Mon collègue s'appelle professeur Wang,colleague,My colleague is called Teacher Wang.
HSK3,Francais,a371ec672752,être d'accord,tóngyì,同意,我同意你的意见,Wǒ tóngyì nǐ de yìjiàn,Je suis d'accord avec votre opinion,to agree,I agree with your opinion.
HSK3,Francais,d46a55aa5776,cheveux,tóufa,头发,她的头发很长,Tā de tóufa hěn cháng,Ses cheveux sont très longs,hair,Her hair is very long.
HSK3,Francais,8acfd7fd84ca,soudain,tūrán,突然,我突然想去中国,Wǒ tūrán xiǎng qù Zhōngguó,Je suis soudainement tenté d'aller en Chine,suddenly,I suddenly want to go to China.
HSK3,Francais,5a26c8e62b0e,bibliothèque,túshūguǎn,图书馆,我常去图书馆看书,Wǒ cháng qù túshūguǎn kàn shū,Je vais souvent à la bibliothèque pour lire des livres,library,I often go to the library to read books.
HSK3,Francais,1f26f9e66b8f,jambe,tuǐ,腿,我的左腿受伤了,Wǒ de zuǒ tuǐ shòu shāng le,Ma jambe gauche est blessée,leg,My left leg is injured.
HSK3,Francais,c47fef985f16,autre endroit,wàidì,外地,我来自 外地,Wǒ lái zì wàidì,Je viens d'une autre région.,"other places, non-local",I come from another region.
HSK3,Francais,f45419ebeda7,"à emporter, pour commander à emporter",wàimài,外卖,我想点外卖,Wǒ xiǎng diǎn wàimài,Je veux commander à emporter.,"takeout, food delivery",I want to order takeout.
HSK3,Francais,8f4c3204c8b5,langue étrangère,wàiyǔ,外语,我学习外语很用心,Wǒ xuéxí wàiyǔ hěn yòng xīn,J'étudie la langue étrangère avec diligence,foreign language,I study foreign languages with diligence.
HSK3,Francais,07f08222a7d0,compléter,wánchéng,完成,我已经完成了我的工作,Wǒ yǐjīng wánchéng le wǒ de gōngzuò,J'ai déjà complété mon travail,to complete,I have already completed my work.
HSK3,Francais,6e280b2a4796,bol,wǎn,碗,我吃饭用的碗很大,Wǒ chī fàn yòng de wǎn hěn dà,Le bol que j'utilise pour manger est très grand,bowl,The bowl I use for eating is very big.
HSK3,Francais,187b32d4b687,être en retard,wǎndiǎn,晚点,他经常晚点回家,Tā jīngcháng wǎndiǎn huí jiā,Il rentre souvent tard à la maison,"delayed, late",He often comes home late.
HSK3,Francais,0413da3cc9bc,soirée,wǎnhuì,晚会,我晚上要去参加公司的晚会,Wǒ wǎnshang yào qù cānjiā gōngsī de wǎnhuì,Je vais participer à la soirée de l'entreprise ce soir.,evening party,I'm going to the company party tonight.
HSK3,Francais,e5ff0c1ad5e5,tennis,wǎngqiú,网球,我喜欢打网球,Wǒ xǐ huān dǎ wǎng qiú,J'aime jouer au tennis,tennis,I like playing tennis.
HSK3,Francais,23eb4b31e335,site web,wǎngzhàn,网站,这个网站非常有用,Gēi wǎngzhàn hěn yǒu yòng,Ce site web est très utile,website,This website is very useful.
HSK3,Francais,03ad3e40279d,oublier,wàngjì,忘记,我已经忘记了她的电话号码,Wǒ yǐjīng wàngjì le tā de diànhuà hàomǎ,J'ai déjà oublié son numéro de téléphone,to forget,I have already forgotten her phone number.
HSK3,Francais,5954e2737027,"pour, à cause de, pour",wèi,为,我为大家准备了晚餐,Wǒ wèi dàjiā zhǔnbeì le wǎncān,J'ai préparé le dîner pour tout le monde,for,I prepared dinner for everyone.
HSK3,Francais,5da78ded02ac,pour,wèile,为了,我学习汉语为了提高我的工作能力,Wǒ xuéxí hànyǔ wèile tígāo wǒ de gōngzuò nénglì,J'apprends le chinois pour améliorer mes compétences professionnelles,for the sake of,I learn Chinese to improve my work skills.
HSK3,Francais,349764af1c0d,"salle de bain, toilettes",wèishēngjiān,卫生间,酒店里的卫生间很干净,Jiǔdiàn lǐ de wèishēngjiān hěn gān jìng,Les toilettes de l'hôtel sont très propres,"bathroom, toilet",The hotel bathrooms are very clean.
HSK3,Francais,b7c0bab95ef2,culture,wénhuà,文化,中国有着丰富的文化,Zhōngguó yǒu zhe fēngfù de wénhuà,La Chine a une riche culture,culture,China has a rich culture.
HSK3,Francais,59bad7397c6d,"chambre, maison",wūzi,屋子,我家只有三间屋子,Wǒ jiā zhǐ yǒu sān jiān wūzi,Ma maison n'a que trois chambres,"room, house",My house only has three rooms.
HSK3,Francais,72816f020bb2,Ouest,xī,西,我来自中国西部,Wǒ láizì zhōngguó xībù,Je viens de l'Ouest de la Chine,west,I come from western China.
HSK3,Francais,ece04d6a2ed8,nord-ouest,xīběi,西北,中国的西北地区非常广阔,Zhōngguó de xīběi dìqū fēicháng guǎngkuò,La région du nord-ouest de la Chine est très vaste,northwest,The northwest region of China is very vast.
HSK3,Francais,a81811b642b2,Ouest,xīfāng,西方,中国的西方地区有很多美丽的风景,Zhōngguó de xīfāng dìqū yǒu hěn duō měilì de fēngjǐng,La région ouest de la Chine a beaucoup de paysages magnifiques,the west (direction),The western region of China has many beautiful landscapes.
HSK3,Francais,2c763d5254c2,pastèque,xīguā,西瓜,我爱吃西瓜,Wǒ ài chī xīguā,J'adore manger de la pastèque,watermelon,I love eating watermelon.
HSK3,Francais,675fa7932fb1,sud-ouest,xīnán,西南,中国的西南地区有很多美丽的风景,Zhōngguó de xīnán dìqū yǒu hěn duō měilì de fēngjǐng,La région du sud-ouest de la Chine a beaucoup de paysages magnifiques.,southwest,The southwest region of China has many beautiful landscapes.
HSK3,Francais,752566f02324,"être habitué, habitude",xíguàn,习惯,我已经习惯在公园晨跑,Wǒ yǐjīng xíguàn zài gōngyuán chén pǎo,Je suis habitué à faire du jogging dans le parc le matin.,"habit, to be used to",I'm used to jogging in the park in the morning.
HSK3,Francais,bd3e25936872,"aimer, aimer",xǐ'ài,喜爱,我喜爱阅读书籍,Wǒ xǐ'ài yuèdú shūjí,J'aime lire les livres,"to love, to like",I love reading books.
HSK3,Francais,1b45aba9939e,machine à laver,xǐyījī,洗衣机,我家的洗衣机已经坏了,Wǒ jiā de xǐyījī yǐjīng huài le,La machine à laver de ma maison est déjà cassée,washing machine,The washing machine at my house is already broken.
HSK3,Francais,ba5d6b55817d,prendre un bain,xǐzǎo,洗澡,我喜欢晚上回家洗澡,Wǒ xǐ huān wǎn shàng huí jiā xǐ zǎo,J'aime prendre un bain le soir en rentrant chez moi.,"to take a bath, to shower",I like taking a bath at home in the evening.
HSK3,Francais,382b33ac709b,été,xiàtiān,夏天,我喜欢在夏天去海边,Wǒ xǐhuān zài xiàtiān qù hǎibiān,J'aime aller à la mer en été,summer,I like going to the seaside in summer.
HSK3,Francais,8200c8f7ec1e,"d'abord, avant",xiān,先,我先吃饭,Wǒ xiān chī fàn,Je mange d'abord.,"first, before",I eat first.
HSK3,Francais,bf6123ff6e85,banane,xiāngjiāo,香蕉,我喜欢吃香蕉,Wǒ xǐ huān chī xiāngjiāo,J' aime manger des bananes,banana,I like eating bananas.
HSK3,Francais,72cd425ab777,croire,xiāngxìn,相信,我相信你会成功,Wǒ xiāngxìn nǐ huì chénggōng,Je crois que tu réussiras,to believe,I believe you will succeed.
HSK3,Francais,e4a95391a640,"boîte, étui",xiāngzi,箱子,我把书放进了箱子里,Wǒ bǎ shū fàng jìn le xiāngzi lǐ,J'ai mis le livre dans la boîte.,"box, case",I put the book into the box.
HSK3,Francais,a73fa093c3d2,"faire face, se tourner vers, vers, vers",xiàng,向,我向你道歉,Wǒ xiàng nǐ dào qiàn,Je m'excuse auprès de toi,towards,I apologize to you.
HSK3,Francais,a5faee070af1,"ressembler, être comme, (comme si, tel que), (image, statue, portrait)",xiàng,像,他长得像他爸爸,Tā zhǎng de xiàng tā bàba,Il ressemble à son père,"to resemble, like",He looks like his father.
HSK3,Francais,11f49b478c18,caméra,xiàngjī,相机,我把新的相机带到了学校,Wǒ bǎ xīn de xiàngjī dàilǐ dào xuéxiào,J'ai apporté mon nouvelle caméra à l'école,camera,I brought my new camera to school.
HSK3,Francais,d2ec3c677d54,communauté résidentielle,xiǎoqū,小区,我住在一个叫做花园的小区,Wǒ zhù zài yī gè jiào zuò huā yuán de xiǎoqū,J'habite dans une communauté résidentielle appelée Jardin,residential community,I live in a residential community called Garden.
HSK3,Francais,7a6bec8f5b7d,"être prudent, faire attention",xiǎoxīn,小心,过马路要小心,Guò mǎlù yào xiǎoxīn,Il faut faire attention en traversant la route,"careful, to be careful",You must be careful crossing the road.
HSK3,Francais,54c25309e091,campus,xiàoyuán,校园,校园里有很多学生,Xiàoyuán lǐ yǒu hěn duō xuésheng,Il y a beaucoup d'étudiants dans le campus,campus,There are many students on campus.
HSK3,Francais,1ad8a2a67df5,"directeur, directeur",xiàozhǎng,校长,我是学校的校长,Wǒ shì xuéxiào de xiàozhǎng,Je suis le directeur de l'école,"principal, headmaster",I am the principal of the school.
HSK3,Francais,552afc41f35b,chaussure,xié,鞋,我穿了一双新鞋,Wǒ chuān le yì shuāng xīn xié,J'ai mis une nouvelle paire de chaussures,shoe,I'm wearing a new pair of shoes.
HSK3,Francais,704c8339a7a3,"coeur, esprit",xīnlǐ,心里,我心里很开心,Wǒ xīnlǐ hěn kāixīn,Je me sens heureux dans mon cœur,"in one's heart, mind",I feel happy in my heart.
HSK3,Francais,3a7457413bc3,Nouvelle année,xīnnián,新年,我喜欢过新年,Wǒ xǐ huān guò xīnnián,J'aime célébrer la nouvelle année,New Year,I like celebrating the New Year.
HSK3,Francais,cda2342a3f4e,nouvelles,xīnwén,新闻,我每天都看新闻,Wǒ měi tiān dōu kàn xīnwén,Je regarde les nouvelles chaque jour,news,I watch the news every day.
HSK3,Francais,f7ce6694e6bf,frais,xīnxiān,新鲜,我爱吃新鲜水果,Wǒ ài chī xīnxiān shuǐguǒ,J'adore manger des fruits frais,fresh,I love eating fresh fruit.
HSK3,Francais,9e2b2ab06db9,"croire, lettre",xìn,信,我写了一封信给我的朋友,Wǒ xiě le yī fēng xìn gěi wǒ de péng yǒu,J'ai écrit une lettre à mon ami,letter; to believe,I wrote a letter to my friend.
HSK3,Francais,d857ee0554bb,carte de crédit,xìnyòngkǎ,信用卡,我有一张信用卡,Wǒ yǒu yī zhāng xìnyòngkǎ,J'ai une carte de crédit,credit card,I have a credit card.
HSK3,Francais,5f7a709936fe,"y aller, d'accord, permis",xíng,行,我可以去,Wǒ kěyǐ xíng,Je peux y aller,"OK, all right; to walk",I can go.
HSK3,Francais,a03df4f2389b,bagage,xíngli,行李,我要去机场取行李,Wǒ yào qù jīchǎng qǔ xíngli,Je vais à l'aéroport pour récupérer mes bagages,luggage,I'm going to the airport to pick up my luggage.
HSK3,Francais,ade475509371,intérêt,xìngqù,兴趣,我对阅读有很大的兴趣,Wǒ duì yuèdú yǒu hěn dà de xìngqù,J'ai un grand intérêt pour la lecture,interest,I have a great interest in reading.
HSK3,Francais,0b6020014ee5,prendre des vacances,xiūjià,休假,我要休假去旅行,Wǒ yào xiūjià qù lǚxíng,Je vais prendre des vacances pour voyager,"to take a vacation, to rest from work",I'm taking a vacation to travel.
HSK3,Francais,223ec2747cfd,"avoir besoin, besoin",xūyào,需要,我需要一本书,Wǒ xūyào yī běn shū,J'ai besoin d'un livre,"to need, need",I need a book.
HSK3,Francais,ab679473509a,choisir,xuǎn,选,我要选一个礼物,Wǒ yào xuǎn yī gè lǐ wù,Je veux choisir un cadeau,to choose,I want to choose a gift.
HSK3,Francais,57b4e1c4280a,choisir,xuǎnzé,选择,我要选择一本好书,Wǒ yào xuǎnzé yī běn hǎo shū,Je veux choisir un bon livre,"to choose, choice",I want to choose a good book.
HSK3,Francais,9e93cfd991d3,semestre,xuéqī,学期,本学期我要学三门新课程,Běn xuéqī wǒ yào xué sān mén xīn kèchéng,"Ce semestre, je vais apprendre trois nouvelles matières",semester,This semester I'm going to take three new courses.
HSK3,Francais,2bc8e82b1f75,dent,yá,牙,他有一颗坏牙,Tā yǒu yī kē huài yá,Il a une dent gâtée,tooth,He has a rotten tooth.
HSK3,Francais,9dd9c05ae101,brosse à dents,yáshuā,牙刷,我每天早上都会用牙刷刷牙,Wǒ měi tiān zǎo shàng dū huì yòng yáshuā shuā yá,Je me brosse les dents avec une brosse à dents tous les matins.,toothbrush,I brush my teeth with a toothbrush every morning.
HSK3,Francais,ed5a44d46849,mouton,yáng,羊,我喜欢吃羊肉,Wǒ xǐhuān chī yáng ròu,J'aime manger de la viande de mouton.,"sheep, goat",I like eating lamb.
HSK3,Francais,c267464365de,"élever, garder",yǎng,养,我要养一只小狗,Wǒ yào yǎng yī zhī xiǎo gǒu,Je veux élever un petit chien,"to raise, to keep (a pet)",I want to raise a little dog.
HSK3,Francais,577106a2dfd9,"exiger, exigence",yāoqiú,要求,公司要求员工早上8点准时到岗,Gōngsī yāoqiú yuángōng zǎoshang 8 diǎn zhǔnshí dào gǎng,L'entreprise exige que les employés soient ponctuels à 8h00 du matin.,"to demand, requirement",The company requires employees to arrive on time at 8 a.m.
HSK3,Francais,27753bae3c38,mesurer mot pour page,yè,页,这个文档有十页,Gēi gè wén dàng yǒu shí yè,Ce document fait dix pages,page; classifier for pages,This document has ten pages.
HSK3,Francais,145728ece9e1,"certain, certainement",yídìng,一定,我一定会按时完成任务,Wǒ yídìng huì àn shí wán chéng rèn wu,Je vais certainement terminer la tâche à temps,"definitely, certain",I will definitely finish the task on time.
HSK3,Francais,c21036d58061,"en tout, au total",yígòng,一共,我有三本书，一共有五百页,"Wǒ yǒu sān běn shū, yígòng yǒu wǔ bǎi yè","J'ai trois livres, qui ont au total cinq cents pages.","altogether, in total","I have three books, five hundred pages in total."
HSK3,Francais,25f47e8a8591,"au même endroit, ensemble",yíkuàir,一块儿,我们一块儿去公园玩,Wǒmen yíkuàir qù gōngyuán wán,Nous allons ensemble au parc pour jouer,together,We're going to the park together to play.
HSK3,Francais,ffb48650871a,même,yíyàng,一样,他们的穿衣风格是一样,Tāmen de chuān yī fēng gé shì yíyàng,Leur style vestimentaire est le même,"same, alike",Their clothing style is the same.
HSK3,Francais,cf7204435922,"plus tard, après",yǐhòu,以后,我明天会去公园，明天以后我就不常去了,"Wǒ míngtiān huì qù gōngyuán, míngtiān yǐhòu wǒ jiù bú cháng qù le","Demain, je vais aller au parc, et après demain, je n'irai plus souvent.","after, later",I'll go to the park tomorrow; after that I won't go often.
HSK3,Francais,0120414364ca,avant,yǐqián,以前,我以前に去过北京,Wǒ yǐqián qù guò běi jīng,J'étais allé à Pékin avant.,"before, previously",I have been to Beijing before.
HSK3,Francais,871eb1b98a97,"ci-dessus, plus de",yǐshàng,以上,我已经上过三次以上的英语课,Wǒ yǐjīng shàng guò sān cì yǐshàng de yīngyǔ kè,J'ai suivi plus de trois cours d'anglais ci-dessus.,"above, more than",I have taken more than three English classes.
HSK3,Francais,631e7757ee5a,sauf qu'en plus,yǐwài,以外,今天我除了学习中文以外，还会练习打篮球,"Jīn tiān wǒ yǐ wài xué xí zhōng wén, hái huì liàn xí dǎ lán qiú","Aujourd'hui, en plus d'étudier le chinois, je vais également pratiquer le basket.","besides, except, beyond","Today, besides studying Chinese, I'll also practice basketball."
HSK3,Francais,9ebf0efafeb8,"penser, croire",yǐwéi,以为,我以为他会来了,Wǒ yǐwéi tā huì lái le,Je croyais qu'il allait venir,to mistakenly think,I thought he would come.
HSK3,Francais,3a14bfcc33c0,"ci-dessous, moins de",yǐxià,以下,我只能去那些人口以下一千人的村庄,Wǒ zhǐ néng qù nàxiē rénkǒu yǐxià yì qiān rén de cūnzhuāng,Je ne peux aller que dans les villages avec moins de mille habitants,"below, less than",I can only go to villages with fewer than a thousand people.
HSK3,Francais,d12dcdb37521,"général, ordinaire",yìbān,一般,一般来说，人们喜欢旅行,"Yìbān lái shuō, rénmen xǐhuān lǚxíng","Généralement, les gens aiment voyager","general, ordinary","Generally speaking, people like to travel."
HSK3,Francais,af7892d744eb,en même temps,yìbiān,一边,我工作一边还在学习,Wǒ gōngzuò yìbiān huán zài xuéxí,Je travaille en même temps que j'étudie,while (doing two things at once),I work while studying.
HSK3,Francais,8718c70f7e41,"toujours, droit",yìzhí,一直,我一直在 等你,Wǒ yìzhí zài děng nǐ,J'attends toujours pour toi,"straight, all along",I have been waiting for you all this time.
HSK3,Francais,a3beb6ff5e9d,musique,yīnyuè,音乐,我喜欢听音乐,Wǒ xǐ huān tīng yīnyuè,J'aime écouter de la musique,music,I like listening to music.
HSK3,Francais,169d6c9b4dbe,banque,yínháng,银行,我去银行存钱,Wǒ qù yínháng cún qián,Je vais à la banque déposer de l'argent,bank,I go to the bank to deposit money.
HSK3,Francais,65ce0bc33492,carte bancaire,yínhángkǎ,银行卡,我有一张银行卡,Wǒ yǒu yī zhāng yínhángkǎ,J'ai une carte bancaire,bank card,I have a bank card.
HSK3,Francais,5bb7282b9954,boisson,yǐnliào,饮料,我喜欢喝甜的饮料,Wǒ xǐhuān hē tián de yǐnliào,J'aime boire des boissons sucrées,"beverage, drink",I like drinking sweet beverages.
HSK3,Francais,f4d5122142fe,"devrait, devrait",yīnggāi,应该,他应该去医院看病,Tā yīnggāi qù yīyuàn kàn bìng,Il devrait aller à l'hôpital pour se faire soigner,should,He should go to the hospital to see a doctor.
HSK3,Francais,0ab7e841cc52,"affecter, influencer",yǐngxiǎng,影响,这个决策将对我们的未来产生重大影响,Zhè ge jué cè jiāng duì wǒ men de wèi lái chǎn shēng zhòng dà yǐngxiǎng,Cette décision aura une grande influence sur notre avenir,"to influence, effect",This decision will have a great influence on our future.
HSK3,Francais,44981218b577,utiliser,yòng,用,我会用电脑写作,Wǒ huì yòng diànnǎo xiě zuò,Je vais utiliser l'ordinateur pour écrire.,to use,I can use the computer to write.
HSK3,Francais,8f0d95d8f84d,mail,yóujiàn,邮件,我正在检查我的邮件,Wǒ zhèngzài jiǎnchá wǒ de yóujiàn,Je suis en train de vérifier mon courrier électronique,email,I'm checking my email.
HSK3,Francais,fbc9b3fb3edd,touristique,yóukè,游客,北京接待了很多游客,Běijīng jiēdài le hěn duō yóukè,Pékin a accueilli de nombreux touristes,tourist,Beijing received many tourists.
HSK3,Francais,6ec19ade5aa5,jeu,yóuxì,游戏,我非常喜欢玩游戏,Wǒ fēicháng xǐhuān wán yóuxì,J'adore jouer aux jeux.,game,I really like playing games.
HSK3,Francais,b4438f7a2952,boîte aux lettres,yóuxiāng,邮箱,我的邮箱里有很多邮件,Wǒ de yóuxiāng lǐ yǒu hěn duō yóu jiàn,Ma boîte aux lettres contient beaucoup de courriels.,"mailbox, email address",My mailbox has a lot of emails.
HSK3,Francais,7d913926207a,"avoir à voir avec, concernant",yǒuguān,有关,这个项目有关环保,Zhè ge xiàngmù yǒuguān huánbǎo,Ce projet concerne la protection de l'environnement,"related to, concerning",This project concerns environmental protection.
HSK3,Francais,d66ff3d131bf,célèbre,yǒumíng,有名,他是有名的演员,Tā shì yǒumíng de yǎnyuán,Il est un acteur célèbre,famous,He is a famous actor.
HSK3,Francais,582986f61f91,utile,yǒuyòng,有用,我觉得这本书很有用,Wǒ juéde zhè běn shū hěn yǒu yòng,Je trouve que ce livre est très utile,useful,I find this book very useful.
HSK3,Francais,baa922da6174,"encore une fois, aussi",yòu,又,我今天又去了电影院,Wǒ jīntiān yòu qù le diànyǐngyuàn,Je suis allé au cinéma encore une fois aujourd'hui,"again, also",I went to the cinema again today.
HSK3,Francais,f68212f7a3a7,badminton,yǔmáoqiú,羽毛球,我喜欢打羽毛球,Wǒ xǐ huān dǎ yǔmáoqiú,J'aime jouer au badminton,badminton,I like playing badminton.
HSK3,Francais,7911698c6098,langue,yǔyán,语言,我喜欢学习汉语语言,Wǒ xǐ huān xué xí hàn yǔ yǔ yán,J'aime apprendre la langue chinoise,language,I like learning the Chinese language.
HSK3,Francais,cfc588b52689,imperméable,yǔyī,雨衣,我穿上雨衣去散步,Wǒ chuān shàng yǔyī qù sàn bù,Je mets mon imperméable pour aller me promener.,raincoat,I put on my raincoat to go for a walk.
HSK3,Francais,49d83b7fc38e,rencontrer,yùdào,遇到,昨天我遇到一个老朋友,Zuótiān wǒ yùdào yī gè lǎo péng yǒu,"Hier, j'ai rencontré un vieux ami","to encounter, to meet",Yesterday I met an old friend.
HSK3,Francais,d7f074da5736,rencontrer,yùjiàn,遇见,我希望遇见我的好朋友,Wǒ xīwàng yùjiàn wǒ de hǎo péngyou,J'espère rencontrer mon bon ami,"to meet, to encounter",I hope to meet my good friend.
HSK3,Francais,b4ba71ce1f8b,jardin,yuán,园,我们去公园玩,Wǒmen qù gōngyuán wán,Nous allons nous amuser dans le jardin/public.,"garden, park",We're going to the park to have fun.
HSK3,Francais,fde6cc4205a3,suffixe pour personne ayant un certain travail,yuán,员,我们的公司有很多员工,Wǒmen de gōngsī yǒu hěn duō yuángōng,Notre entreprise a beaucoup d'employés,member (suffix); worker,Our company has many employees.
HSK3,Francais,f68ef8177499,disposé,yuànyì,愿意,我愿意帮助你,Wǒ yuànyì bāngzhù nǐ,Je suis disposé à t'aider,willing,I'm willing to help you.
HSK3,Francais,58a19cafe636,de plus en plus,yuè,越,他唱的歌越来越好,Tā chàng de gē yuè lái yuè hǎo,Il chante de mieux en mieux.,more and more; to cross,He sings better and better.
HSK3,Francais,e93bd9c750cf,lune,yuèliang,月亮,我今晚会去看月亮,Wǒ jīn wǎn huì qù kàn yuèliang,Je vais regarder la lune ce soir.,moon,I'm going to look at the moon tonight.
HSK3,Francais,8c6b69b8466f,rencontre sportive,yùndònghuì,运动会,我们学校每年都会举办一次运动会,Wǒmen xuéxiào měi nián dū huì jǔbàn yīcì yùndònghuì,Notre école organise chaque année une rencontre sportive.,"sports meet, athletic games",Our school holds a sports meet every year.
HSK3,Francais,b642ba06e7a4,athlète,yùndòngyuán,运动员,这个运动员非常出色,Gèi yùndòngyuán fēicháng chūsè,Cet athlète est excellent,"athlete, sportsman",This athlete is excellent.
HSK3,Francais,8d7a5490cb77,nous,zánmen,咱们,咱们一起去公园,Zánmen yīqǐ qù gōngyuán,Nous allons ensemble au parc,"we, us (inclusive)",Let's go to the park together.
HSK3,Francais,b32799b60cf3,sale,zāng,脏,她的裙子很脏,Tā de qúnzi hěn zāng,Sa jupe est très sale,dirty,Her skirt is very dirty.
HSK3,Francais,f7bdd8a8fb6b,ce qu'il faut faire,zěnme bàn,怎么办,我们遇到了问题，不知道怎么办,"Wǒmen yùdào le wèntí, bù zhīdào zěnme bàn",Nous avons rencontré un problème et nous ne savons pas ce qu'il faut faire,what to do,We ran into a problem and don't know what to do.
HSK3,Francais,111975f58fb3,comment,zěnyàng,怎样,你觉得这个电影怎样？,Nǐ juéde zhè ge diànyǐng zěnyàng,Qu'est-ce que tu penses de ce film ?,how,What do you think of this movie?
HSK3,Francais,96ffeefe5cce,"pour ouvrir, mesurer le mot pour les objets plats",zhāng,张,我有一张地图,Wǒ yǒu yī zhāng dìtú,J'ai une carte géographique,classifier for flat objects; to open,I have a map.
HSK3,Francais,88a003a4fec9,anxieux,zháojí,着急,我因为迟到着急,Wǒ yīn wèi chídào zháojí,Je suis anxieux parce que je vais être en retard,"anxious, worried",I'm anxious because I'm going to be late.
HSK3,Francais,cbf51781667e,"briller, photographier",zhào,照,她喜欢照照片,Tā xǐ huān zhào zhào piān,Elle aime prendre des photos,"to shine, to photograph",She likes taking photos.
HSK3,Francais,cc71c329a78f,prendre soin de,zhàogù,照顾,她会照顾她的孩子,Tā huì zhàogù tā de háizi,Elle prendra soin de son enfant,to take care of,She will take care of her child.
HSK3,Francais,9ebb845da2b6,photo,zhàopiàn,照片,这是我的照片,Zhè shì wǒ de zhàopiàn,Voici ma photo,photo,This is my photo.
HSK3,Francais,8e9c0b1a7cf1,prendre une photo,zhàoxiàng,照相,我会给我的朋友照相,Wǒ huì gěi wǒ de péng yǒu zhào xiàng,Je vais prendre une photo pour mon ami,to take a photo,I'll take a photo for my friend.
HSK3,Francais,406edc7e1ee0,jusqu'à,zhídào,直到,我会学习中文直到考试结束,Wǒ huì xuéxí zhōngwén zhídào kǎoshì jiéshù,Je vais apprendre le chinois jusqu'à la fin de l'examen,until,I will study Chinese until the exam is over.
HSK3,Francais,c5ce646c5c3f,papier,zhǐ,纸,我有一张纸,Wǒ yǒu yī zhāng zhǐ,J'ai un morceau de papier,paper,I have a piece of paper.
HSK3,Francais,ababa9df24fd,ne peut que,zhǐ néng,只能,在这种情况下，他只能选择放弃,"Zài zhè zhǒng qíng kuàng xià, tā zhǐ néng xuǎn zé fàng qì","Dans cette situation, il ne peut que choisir d'abandonner",can only,"In this situation, he can only choose to give up."
HSK3,Francais,487b7935c19f,"seulement, simplement, mais",zhǐshì,只是,我只是一个学生,Wǒ zhǐshì yī gè xuéshēng,Je suis simplement un étudiant,"only, just",I'm just a student.
HSK3,Francais,e844fadb98cc,tant que,zhǐyào,只要,只要我努力学习，我一定会成功,"Zhǐyào wǒ nǔlì xuéxí, wǒ yīdìng huì chénggōng","Tant que j'étudie avec diligence, je serai certainement couronné de succès",as long as,"As long as I study hard, I will definitely succeed."
HSK3,Francais,c8d6575d8932,seulement si,zhǐyǒu,只有,只有早晨才會看到美麗的日出,Zhǐyǒu zǎo chén cái huì kàn dào měilì de rì chū,On ne voit le lever du soleil que le matin.,only,Only in the morning can you see the beautiful sunrise.
HSK3,Francais,2e1a3bf200aa,milieu,zhōng,中,中国是亚洲的中部,Zhōng guó shì yà zhōu de zhōng bù,La Chine est au milieu de l'Asie,middle,China is in the middle of Asia.
HSK3,Francais,dab2bc3cc505,"milieu, entre",zhōngjiān,中间,他们坐在桌子的中间,Tāmen zuò zài zhuōzi de zhōngjiān,Ils sont assis au milieu de la table,"middle, between",They are sitting in the middle around the table.
HSK3,Francais,191c6e52e25e,enfin,zhōngyú,终于,我今天终于完成了作业,Wǒ jīntiān zhōngyú wánchéng le zuòyè,J'ai enfin terminé mes devoirs aujourd'hui,finally,I finally finished my homework today.
HSK3,Francais,a2294b0ad1de,mesurer le mot pour les types,zhǒng,种,这种动物的特征很显赫,Zhè zhǒng dòngwù de tèzhēng hěn xiǎn hē,Cette espèce d'animal a des caractéristiques très visibles,"kind, type; classifier for kinds",This species of animal has very distinctive features.
HSK3,Francais,d2306dd34449,important,zhòngyào,重要,这个决定对我们的未来非常重要,Zhè ge jué dìng duì wǒmen de wèilái fēicháng zhòngyào,Cette décision est très importante pour notre avenir,important,This decision is very important for our future.
HSK3,Francais,f0f281edbb07,fin de semaine,zhōumò,周末,我总是在周末出去玩,Wǒ zǒng zài zhōumò chūqù wán,Je sors toujours le week-end pour m'amuser,weekend,I always go out to have fun on weekends.
HSK3,Francais,8d280852dbb0,principal,zhǔyào,主要,公司的主要业务是销售电子产品,Gōngsī de zhǔyào yèwù shì xiāo shòu diànzǐ chǎnpǐn,L'activité principale de l'entreprise est la vente de produits électroniques,"main, principal",The company's main business is selling electronic products.
HSK3,Francais,74680b3a9fd1,faire attention à,zhùyì,注意,经过检查注意安全,Jīngguò jiǎnchá zhùyì ānquán,"Après vérification, faire attention à la sécurité",to pay attention,"After checking, pay attention to safety."
HSK3,Francais,c68fa8745873,être hospitalisé,zhùyuàn,住院,他因为病情严重需要住院,Tā yīn wèi bìng qíng yán zhòng xū yào zhù yuàn,Il doit être hospitalisé en raison de la gravité de son état de santé.,to be hospitalized,He needs to be hospitalized due to the severity of his condition.
HSK3,Francais,2969c5b664d3,dictionnaire,zìdiǎn,字典,我常用字典查找生词,Wǒ chángyòng zìdiǎn cházhǎo shēngcí,Je utilise souvent le dictionnaire pour rechercher des mots inconnus,character dictionary,I often use the dictionary to look up unfamiliar words.
HSK3,Francais,38b3d2a8be19,vélo,zìxíngchē,自行车,我有一辆自行车,Wǒ yǒu yī liàng zìxíngchē,J'ai un vélo.,bicycle,I have a bicycle.
HSK3,Francais,1858574ed0c1,suffixe du nom,zi,子,我有一个儿子,Wǒ yǒu yī gè ér zǐ,J'ai un fils,noun suffix,I have a son.
HSK3,Francais,f4850b762dce,"toujours, invariablement, (pour résumer, assembler, totaliser, globalement)",zǒng,总,我总是按时交作业,Wǒ zǒng shì àn shí jiāo zuò yè,Je remets toujours mes devoirs à temps.,always,I always hand in my homework on time.
HSK3,Francais,b5b440947606,toujours,zǒngshì,总是,我总是按时完成我的工作,Wǒ zǒngshì àn shí wán chéng wǒ de gōng zuò,Je termine toujours mon travail à temps,always,I always finish my work on time.
HSK3,Francais,b564773df956,bouche,zuǐ,嘴,我张开嘴笑,Wǒ zhāng kāi zuǐ xiào,J'ouvre la bouche pour sourire,mouth,I open my mouth to smile.
HSK3,Francais,706e80585a54,meilleur,zuìhǎo,最好,我觉得这家酒店是这附近最好的,Wǒ juéde zhè jiā jiǔdiàn shì zhè fùjìn zuìhǎo de,Je pense que cet hôtel est le meilleur dans les environs,best,I think this hotel is the best nearby.
HSK3,Francais,0e34789c4270,"dernier, final",zuìhòu,最后,我会最后一次尝试,Wǒ huì zuìhòu yī cì chángshì,Je vais essayer une dernière fois,"last, final",I will try one last time.
HSK3,Francais,86cac92f3c10,récemment,zuìjìn,最近,最近我去了一次中国,Zuìjìn wǒ qù le yīcì zhōngguó,"Récemment, je suis allé en Chine",recently,Recently I went to China once.
HSK3,Francais,a2ab73f2e3be,être un invité,zuòkè,做客,我去他们家做客,Wǒ qù tāmen jiā zuòkè,Je vais chez eux en tant qu'invité,to be a guest,I'm going to their house as a guest.
HSK3,Francais,44b7a6836209,devoirs,zuòyè,作业,我昨天做了很久的作业,Wǒ zuótiān zuò le hěn jiǔ de zuòyè,J'ai fait mes devoirs pendant très longtemps hier.,homework,I did my homework for a very long time yesterday.
