deck_level,deck_type,entry_id,french_word,pinyin,hanzi,chinese_sentence,pinyin_sentence,french_sentence,translation_word,translation_sentence
HSK1,Francais,c9b01afc2283,aimer,ài,爱,我爱我的家,Wǒ ài wǒ de jiā,J'aime ma maison.,,
HSK1,Francais,1f772e3162bf,huit,bā,八,今天是八月八日,Jīn tiān shì bā yuè bā rì,"Aujourd'hui, c'est le huit août.",,
HSK1,Francais,8d0d66890a8e,papa,bàba,爸爸,我的爸爸很爱我,Wǒ de bàba hěn ài wǒ,Mon papa m'aime beaucoup,,
HSK1,Francais,9762866098df,"particule indiquant une suggestion, une confirmation ou une hésitation",ba,吧,我们一起去看电影吧,Wǒmen yīqǐ qù kàn diànyǐng ba,Allons ensemble voir un film,,
HSK1,Francais,35909115ed56,jour,báitiān,白天,我喜欢在白天去运动,Wǒ xǐ huān zài báitiān qù yùndòng,J'aime faire du sport pendant la journée,,
HSK1,Francais,c2e358f25493,cent,bǎi,百,我有百张照片,Wǒ yǒu bǎi zhāng zhàopiàn,J'ai cent photos,,
HSK1,Francais,42dd2950ecf9,moitié,bàn,半,我吃了半个苹果,Wǒ chī le bàn gè píng guǒ,J'ai mangé la moitié d'une pomme,,
HSK1,Francais,77bcfb0b8d73,petit pain farci cuit à la vapeur,bāozi,包子,我最喜欢吃的早餐是包子,Wǒ zuì xǐ huān chī de zǎo cān shì bāozi,Mon petit déjeuner préféré est le baozi,,
HSK1,Francais,0eaa9eaa48da,"tasse, verre",bēizi,杯子,我有一个杯子,Wǒ yǒu yī gè bēizi,J'ai une tasse,,
HSK1,Francais,12b8589697b2,Classificateur pour les livres,běn,本,我喜欢读这本书,Wǒ xǐ huān dú zhè běn shū,J'aime lire ce livre,,
HSK1,Francais,b1655e817e74,côté,biān,边,我站在湖边,Wǒ zhàn zài hú biān,Je me tiens au bord du lac,,
HSK1,Francais,f6b0025b5efd,"maladie, maladie",bìng,病,他得了一种严重的病,Tā dé le yī zhǒng yánzhòng de bìng,Il a contracté une maladie grave,,
HSK1,Francais,20f4f6579a71,"non, non",bù,不,我不喜欢吃蔬菜,Wǒ bù xǐhuān chī shūcài,Je n'aime pas manger de légumes,,
HSK1,Francais,1b072a047d57,vous êtes les bienvenus,bú kèqi,不客气,谢谢您，不客气,"Xièxiè nín, bú kèqi","Merci, vous êtes les bienvenus.",,
HSK1,Francais,dfc3d54bfa16,"je ne veux pas, je ne veux pas",búyào,不要,我不想要这个，不要给我,"Wǒ bù xiǎng yào zhè ge, búyào gěi wǒ","Je ne veux pas de cela, ne me le donne pas",,
HSK1,Francais,e8bc2919f084,"légume, plat",cài,菜,我最喜欢吃的菜是西兰花,Wǒ zuì xǐ huān chī de cài shì xī lán huā,Mon légume préféré est les brocolis,,
HSK1,Francais,7f949ed4315a,thé,chá,茶,我喜欢喝茶,Wǒ xǐhuān hē chá,J'aime boire du thé,,
HSK1,Francais,383647ed4882,chanter,chàng,唱,我喜欢唱歌,Wǒ xǐhuān chàng gē,J'aime chanter.,,
HSK1,Francais,d7bccd79fc5e,supermarché,chāoshì,超市,我喜欢去超市购物,Wǒ xǐ huān qù chāoshì gòu wù,J'aime aller faire des courses au supermarché,,
HSK1,Francais,9e47c3717ea6,"véhicule, voiture",chē,车,我有一辆车,Wǒ yǒu yī liàng chē,J'ai une voiture,,
HSK1,Francais,a15d87d709ce,manger,chī,吃,我喜欢吃苹果,Wǒ xǐ huān chī píng guǒ,J'aime manger des pommes,,
HSK1,Francais,7c1c550468ca,Taxi,chūzūchē,出租车,我要叫一辆出租车去机场,Wǒ yào jiào yī liàng chūzūchē qù jīchǎng,Je veux appeler un taxi pour aller à l'aéroport,,
HSK1,Francais,6794301233ea,porter,chuān,穿,她穿了一件红色的连衣裙,Tā chuān le yī jiàn hóng sè de lián yī shang,Elle porte une robe rouge,,
HSK1,Francais,ce59e312aba7,passer un appel téléphonique,dǎ diànhuà,打电话,我要打电话给妈妈,Wǒ yào dǎ diànhuà gěi māma,Je vais passer un appel téléphonique à ma mère,,
HSK1,Francais,a73380eaa3bb,grand,dà,大,这个房子很大,Zhè ge fáng zǐ hěn dà,Cette maison est très grande,,
HSK1,Francais,8cd9c58f6685,tout le monde,dàjiā,大家,大家好，我叫王小明,"Dàjiā hǎo, wǒ jiào Wáng Xiǎomíng","Tout le monde, je m'appelle Wang Xiaoming",,
HSK1,Francais,9c81a0882220,université,dàxué,大学,我在大学学习中文,Wǒ zài dàxué xuéxí zhōngwén,Je suis à l'université pour étudier le chinois,,
HSK1,Francais,25b4473e594d,étudiant universitaire,dàxuéshēng,大学生,他是一名大学生,Tā shì yī míng dàxuéshēng,Il est un étudiant universitaire,,
HSK1,Francais,52760fc5681c,arriver,dào,到,我要到巴黎度假,Wǒ yào dào bā lí dù jià,Je veux aller à Paris en vacances,,
HSK1,Francais,78029fe8eec9,particule possessive ou modificatrice,de,的,这是我的车,Zhè shì wǒ de chē,C'est ma voiture,,
HSK1,Francais,3c78bd76f4d9,préfixe pour les nombres ordinaux,dì,第,这是我的第一个例子： 我是第一个学生,Wǒ shì dì yī gè xuésheng,Je suis le premier étudiant,,
HSK1,Francais,ec7b4ca299d4,jeune frère,dìdi,弟弟,我的弟弟很高,Wǒ de dìdi hěn gāo,Mon jeune frère est très grand,,
HSK1,Francais,4d9f5f17eb05,Classificateur pour les petites choses rondes,diǎn,点,我想买那个点心,Wǒ xiǎng mǎi nà ge diǎn xīn,"Je veux acheter ce petit gâteau rounded (ici, les ""petites choses rondes"" sont des gâteaux, le mot ""点心"" désignant des petits gâteaux chinois)",,
HSK1,Francais,5705ed8b343f,"boutique, magasin",diàn,店,我在店里买了件衣服,Wǒ zài diàn lǐ mǎi le jiàn yīfú,J'ai acheté un vêtement dans le magasin,,
HSK1,Francais,1c38ca579b12,"téléphone, appel téléphonique",diànhuà,电话,我需要打电话给我的朋友,Wǒ xūyào dǎ diànhuà gěi wǒ de péng yǒu,J'ai besoin d'appeler mon ami par téléphone.,,
HSK1,Francais,e5c0eab8f053,ordinateur,diànnǎo,电脑,我有一台电脑,Wǒ yǒu yī tái diànnǎo,J'ai un ordinateur.,,
HSK1,Francais,b57b92da613b,télévision,diànshì,电视,我喜欢看电视,Wǒ xǐ huān kàn diànshì,J'aime regarder la télévision,,
HSK1,Francais,b8aed1ec32d8,"film, cinéma",diànyǐng,电影,我喜欢看电影,Wǒ xǐ huān kàn diànyǐng,J'aime regarder des films,,
HSK1,Francais,047d6387affb,cinéma,diànyǐngyuàn,电影院,我喜欢去电影院看电影,Wǒ xǐ huān qù diànyǐngyuàn kàn diànyǐng,J'aime aller au cinéma pour voir des films,,
HSK1,Francais,2b9cdff10292,"chose, objet",dōngxi,东西,我想买一些东西,Wǒ xiǎng mǎi yīxiē dōngxi,Je veux acheter quelques choses,,
HSK1,Francais,76d2451698c6,"tous, les deux",dōu,都,他们都喜欢中国菜,Tāmen dōu xǐhuān Zhōngguó cài,Ils aiment tous la cuisine chinoise,,
HSK1,Francais,8cb0f198569c,lire,dú,读,我喜欢读书,Wǒ xǐ huān dú shū,J'aime lire des livres,,
HSK1,Francais,fcbd18086586,lire un livre,dúshū,读书,我喜欢读书,Wǒ xǐ huān dú shū,J'aime lire des livres,,
HSK1,Francais,bec18e1a6569,"correct, c'est vrai",duì,对,我对这个问题的答案是正确的,Wǒ duì zhè ge wèn tí de dá àn shì zhèng què de,J'ai raison pour cette question.,,
HSK1,Francais,54ce22d7c328,Désolé,duìbuqǐ,对不起,对不起，我弄错了,"Duìbuqǐ, wǒ gǎo cuò le","Désolé, j'ai fait une erreur",,
HSK1,Francais,159ca37124ff,"beaucoup, beaucoup",duō,多,我有很多书,Wǒ yǒu duō shū,J'ai beaucoup de livres,,
HSK1,Francais,a71148de7783,"combien, combien",duōshao,多少,你有多少本书？,Nǐ yǒu duōshǎo běn shū?,Combien de livres as-tu ?,,
HSK1,Francais,ff33b9b3be3b,fils,érzi,儿子,我的儿子今年十岁,Wǒ de érzi jīn nián shí suì,Mon fils a dix ans,,
HSK1,Francais,84eb4c299328,deux,èr,二,我有两个兄弟,Wǒ yǒu liǎng gè xiōngdì,J'ai deux frères.,,
HSK1,Francais,10e2d9069718,"riz cuit, repas",fàn,饭,我想吃饭,Wǒ xiǎng chī fàn,Je veux manger du riz.,,
HSK1,Francais,de3c647dcfc8,restaurant,fàndiàn,饭店,我要去饭店吃晚饭,Wǒ yào qù fàndiàn chī wǎnfàn,Je veux aller au restaurant manger le dîner,,
HSK1,Francais,db5231e17fe2,chambre,fángjiān,房间,我的房间很大,Wǒ de fángjiān hěn dà,Ma chambre est très grande,,
HSK1,Francais,1b36f64bc2d6,"très, extrêmement",fēicháng,非常,今天的天气非常好,Jīn tiān de tiān qì fēi cháng hǎo,Le temps est très agréable aujourd'hui,,
HSK1,Francais,619b760a0e43,avion,fēijī,飞机,明天我要坐飞机去上海,Míngtiān wǒ yào zuò fēijī qù Shànghǎi,"Demain, je vais prendre l'avion pour aller à Shanghai",,
HSK1,Francais,131c5f079671,minute,fēn,分,我等了五分才看到巴士,Wǒ děng le wǔ fēn cái kàn dào bā shì,J'ai attendu cinq minutes avant de voir le bus,,
HSK1,Francais,1a519c86839e,minute,fēnzhōng,分钟,我等了五分钟,Wǒ déng le wǔ fēnzhōng,J'ai attendu cinq minutes,,
HSK1,Francais,eab105c9333f,"heureux, heureux",gāoxìng,高兴,今天我很高兴,Jīn tiān wǒ hěn gāoxìng,Aujourd'hui je suis très heureux,,
HSK1,Francais,6fd600600008,chanson,gē,歌,我喜欢唱歌,Wǒ xǐhuān chàng gē,J'aime chanter des chansons,,
HSK1,Francais,cadd20d6f96d,frère aîné,gēge,哥哥,我有一个哥哥,Wǒ yǒu yī gè gēge,J'ai un frère aîné,,
HSK1,Francais,1accb672a14b,Classificateur pour les objets généraux,gè,个,我有五个苹果,Wǒ yǒu wǔ gè píngguǒ,J'ai cinq pommes,,
HSK1,Francais,ce9c048b6c97,donner,gěi,给,我给朋友送了一份礼物,Wǒ gěi péng yǒu sòng le yī fèn lǐ wù,J'ai offert un cadeau à mon ami,,
HSK1,Francais,a69bcd5ef8ce,entreprise,gōngsī,公司,我在一家大公司工作,Wǒ zài yī jiā dà gōngsī gōng zuò,Je travaille dans une grande entreprise,,
HSK1,Francais,9519a7586d17,travail,gōngzuò,工作,我明天要去工作,Wǒ míng tiān yào qù gōng zuò,Je vais travailler demain.,,
HSK1,Francais,70f831c3e3aa,chien,gǒu,狗,我有一只狗,Wǒ yǒu yī zhī gǒu,J'ai un chien,,
HSK1,Francais,07130a19bb68,cher,guì,贵,这件衣服很贵,Zhè jiàn yī fu hěn guì,Cette chemise est très chère,,
HSK1,Francais,f7ac6519be36,pays,guó,国,中国是一个大国,Zhōng guó shì yī gè dà guó,La Chine est un grand pays,,
HSK1,Francais,074e5b8e2514,"encore, aussi",hái,还,今天我还要去上班,Jīn tiān wǒ hái yào qù shàng bān,"Aujourd'hui, je dois encore aller travailler",,
HSK1,Francais,38aa00eda579,enfant,háizi,孩子,我有一个孩子,Wǒ yǒu yī gè háizi,J'ai un enfant,,
HSK1,Francais,76cc5e535ccd,langue chinoise,Hànyǔ,汉语,我学汉语,Wǒ xué Hànyǔ,J'apprends la langue chinoise,,
HSK1,Francais,4f65d71b5ebc,Caractère chinois,Hànzì,汉字,我会学习汉字,Wǒ huì xuéxí Hànzì,Je vais apprendre les caractères chinois.,,
HSK1,Francais,6ded894f105c,bien,hǎo,好,今天的天气很好,Jīn tiān de tiān qì hěn hǎo,Le temps est très bien aujourd'hui,,
HSK1,Francais,ad0335de8305,"délicieux, savoureux",hǎochī,好吃,这道菜好吃,Zhè dào cài hǎochī,Ce plat est délicieux,,
HSK1,Francais,272d5f037166,beau,hǎokàn,好看,这是一个好看的电影,Zhè shì yī gè hǎokàn de diànyǐng,C'est un beau film,,
HSK1,Francais,c6051344fc7f,agréable à écouter,hǎotīng,好听,她的声音好听,Tā de shēngyīn hǎotīng,Sa voix est agréable à écouter,,
HSK1,Francais,97ee6e0ff4a0,"amusant, amusant",hǎowánr,好玩儿,这个游戏很好玩儿,Zhè ge yóu xì hěn hǎo wán r,Ce jeu est très amusant,,
HSK1,Francais,ba2837e28a2d,nombre,hào,号,我的手机号是13812345678,Wǒ de hào shì yī sān èr yī sān yī sān yī sān,Mon numéro de téléphone est 13812345678,,
HSK1,Francais,e0622cc9bfe4,boire,hē,喝,我想喝一杯水,Wǒ xiǎng hē yī bēi shuǐ,Je veux boire un verre d'eau,,
HSK1,Francais,7204042d0f0b,"et, avec",hé,和,我和我的朋友一起去公园,Wǒ hé wǒ de péng yǒu yī qǐ qù gōng yuán,Je vais au parc avec mon ami.,,
HSK1,Francais,6fb9cae4352f,très,hěn,很,今天的天气很好,Jīn tiān de tiān qì hěn hǎo,Le temps est très beau aujourd'hui,,
HSK1,Francais,55343306a056,"derrière, plus tard",hòu,后,我会在你后面,Wǒ huì zài nǐ hòu mian,Je serai derrière toi,,
HSK1,Francais,7f271c7cebba,revenir,huí,回,我明天要回家,Wǒ míngtiān yào huí jiā,"Demain, je vais revenir chez moi",,
HSK1,Francais,ac807153b00d,"peut, être capable de",huì,会,我会说一些法语,Wǒ huì shuō yīxiē fǎyǔ,Je suis capable de parler un peu de français,,
HSK1,Francais,c5f83a164c8d,former,huǒchē,火车,我以前经常坐火车去学校,Wǒ gùqí jīngcháng zuò huǒchē qù xuéxiào,Je prenais souvent le train pour aller à l'école,,
HSK1,Francais,d7a198f5722a,œuf,jīdàn,鸡蛋,我要吃一个鸡蛋,Wǒ yào chī yī gè jīdàn,Je veux manger un œuf,,
HSK1,Francais,cf5caa31de5e,"combien, quelques-uns",jǐ,几,今天几点了,Jīn tiān jǐ diǎn le,Quelle heure est-il aujourd'hui ?,,
HSK1,Francais,ed75618d2e94,"maison, famille",jiā,家,我回家了,Wǒ huí jiā le,Je suis rentré chez moi,,
HSK1,Francais,88b9adf81c11,membre de la famille,jiārén,家人,我爱我的家人,Wǒ ài wǒ de jiārén,J'aime ma famille,,
HSK1,Francais,c879a037253a,voir,jiàn,见,我想见见我的朋友,Wǒ xiǎng jiàn jiàn wǒ de péng yǒu,Je veux voir mon ami,,
HSK1,Francais,e5bc867d19ab,Classificateur pour les articles,jiàn,件,我买了一件衣服,Wǒ mǎi le yī jiàn yīfú,J'ai acheté un article de vêtement,,
HSK1,Francais,b38ccb66ba1d,boulette,jiǎozi,饺子,我喜欢吃饺子,Wǒ xǐ huān chī jiǎozi,J'aime manger des boulettes.,,
HSK1,Francais,287c9d676531,"être appelé, appeler",jiào,叫,我的猫叫咪咪,Wǒ de māo jiào mī mī,Mon chat s'appelle Mimi,,
HSK1,Francais,5ca22ffccc98,sœur aînée,jiějie,姐姐,我的姐姐很漂亮,Wǒ de jiějie hěn piàoliang,Ma sœur aînée est très belle,,
HSK1,Francais,caaa291f37ad,cette année,jīnnián,今年,今年我要去法国,Jīnnián wǒ yào qù fǎguó,"Cette année, je vais aller en France",,
HSK1,Francais,f79a67197d1b,aujourd'hui,jīntiān,今天,今天我要去公园,Jīntiān wǒ yào qù gōngyuán,"Aujourd'hui, je vais aller au parc",,
HSK1,Francais,1a706f8e46d1,neuf,jiǔ,九,今天是九月九日,Jīn tiān shì jiǔ yuè jiǔ rì,"Aujourd'hui, c'est le 9 septembre",,
HSK1,Francais,cb3c9cd7c3f5,"ressentir, penser",juéde,觉得,我觉得今天天气很好,Wǒ juéde jīntiān tiānqì hěn hǎo,Je trouve que le temps est très agréable aujourd'hui,,
HSK1,Francais,b5d9ad7a6e2b,ouvrir,kāi,开,门是开着的,Mén shì kāi zhe de,La porte est ouverte,,
HSK1,Francais,72d1c8a6ef57,conduire,kāichē,开车,我喜欢开车,Wǒ xǐhuān kāichē,J'aime conduire,,
HSK1,Francais,5c343da541bf,"voir, regarder",kàn,看,我喜欢看书,Wǒ xǐ huān kàn shū,J'aime lire des livres,,
HSK1,Francais,fb2b6f55d156,voir un médecin,kànbìng,看病,我要去医院看病,Wǒ yào qù yīyuàn kànbìng,Je vais à l'hôpital pour voir un médecin,,
HSK1,Francais,26f272954232,voir,kànjiàn,看见,我看见一个小狗,Wǒ kànjiàn yī gè xiǎo gǒu,Je vois un petit chien,,
HSK1,Francais,cfb0eb789f30,"peut, peut",kěyǐ,可以,我明天可以去公园,Wǒ míngtiān kěyǐ qù gōngyuán,Je peux aller au parc demain,,
HSK1,Francais,6e35a8e9a882,"classe, leçon",kè,课,今天我有数学课,Jīn tiān wǒ yǒu shù xué kè,Aujourd'hui j'ai une leçon de mathématiques,,
HSK1,Francais,b590cf5e414d,bouche,kǒu,口,我张开了嘴巴,Wǒ zhāng kāi le zuǐ bā,J'ai ouvert la bouche,,
HSK1,Francais,5e4b40be633e,"Classificateur pour les morceaux, les morceaux, l'argent",kuài,块,我有五块钱,Wǒ yǒu wǔ kuài qián,J'ai cinq pièces de monnaie.,,
HSK1,Francais,71ff6be0c74f,venir,lái,来,明天我会来,Míng tiān wǒ huì lái,"Demain, je vais venir",,
HSK1,Francais,e89c7116c8e9,professeur,lǎoshī,老师,我是李老师,Wǒ shì lǐ lǎoshī,Je suis professeur Li,,
HSK1,Francais,526b58844f5e,particule indiquant une action terminée ou un changement d'état,le,了,我吃完饭了,Wǒ chī wán fàn le,J'ai fini de manger.,,
HSK1,Francais,c9ba49b3c016,froid,lěng,冷,今天的天气很冷,Jīn tiān de tiān qì hěn lěng,Le temps est très froid aujourd'hui,,
HSK1,Francais,05f2e2bfa8c6,"à l'intérieur, dans, mile",lǐ,里,学校离我家里不远,Xuéxiào lí wǒ jiā lǐ bù yuǎn,L'école est à proximité de chez moi.,,
HSK1,Francais,2c141df8f50a,deux,liǎng,两,我有两只狗,Wǒ yǒu liǎng zhī gǒu,J'ai deux chiens,,
HSK1,Francais,f8f9e96867bc,zéro,líng,零,今天是十二月零五号,Jīn tiān shì shí èr yuè líng wǔ hào,"Aujourd'hui, c'est le 5 décembre.",,
HSK1,Francais,f38878c935ac,six,liù,六,我有六本书,Wǒ yǒu liù běn shū,J'ai six livres,,
HSK1,Francais,f4c18ffd823f,maman,māma,妈妈,我爱我的妈妈,Wǒ ài wǒ de māma,J'aime ma maman,,
HSK1,Francais,9e2c93de581d,particule interrogative,ma,吗,你喜欢吃苹果吗,Nǐ xǐhuān chī píngguǒ ma,Aimes-tu manger des pommes ?,,
HSK1,Francais,e03dd1d756f8,acheter,mǎi,买,我想买一辆自行车,Wǒ xiǎng mǎi yī liàng zìxíngchē,Je veux acheter un vélo,,
HSK1,Francais,90ea75b24f56,vendre,mài,卖,我想卖我的车,Wǒ xiǎng mài wǒ de chē,Je veux vendre ma voiture,,
HSK1,Francais,ba60f83df735,occupé,máng,忙,今天我很忙,Jīn tiān wǒ hěn máng,"Aujourd'hui, je suis très occupé",,
HSK1,Francais,bc4924da62bb,chat,māo,猫,我有一只猫,Wǒ yǒu yī zhī māo,J'ai un chat,,
HSK1,Francais,30b4476ddd52,"tant pis, c'est bon",méi guānxi,没关系,他忘记带手机了，没关系，我们用酒店的电话吧,"Tā wàngjì dài shǒujī le, méi guānxi, wǒmen yòng jiūdiàn de diànhuà ba","Il a oublié son téléphone, tant pis, on utilisera le téléphone de l'hôtel.",,
HSK1,Francais,09f86cec8da4,"n'avoir rien à faire, ce n'est pas grave",méishì,没事,他工作辛苦，但没事，他很乐观,"Tā gōng zuò xīn kǔ, dàn méi shì, tā hěn lè guān","Il travaille dur, mais ce n'est pas grave, il est très optimiste",,
HSK1,Francais,7c2f2b81aa89,ne pas avoir,méiyǒu,没有,我没有手机,Wǒ méiyǒu shǒujī,Je n'ai pas de téléphone portable,,
HSK1,Francais,44e63c10ccba,sœur cadette,mèimei,妹妹,我有一个妹妹,Wǒ yǒu yī gè mèimei,J'ai une sœur cadette,,
HSK1,Francais,7a1d1910e286,suffixe pluriel pour les pronoms et les noms,men,们,他们是我的朋友,Tāmen shì wǒ de péngyou,Ils sont mes amis,,
HSK1,Francais,3a87e93a1f5e,riz cuit,mǐfàn,米饭,我想吃米饭,Wǒ xiǎng chī mǐfàn,Je veux manger du riz cuit,,
HSK1,Francais,0c0ec8c23f40,pain,miànbāo,面包,我喜欢吃面包,Wǒ xǐ huān chī miànbāo,J'aime manger du pain,,
HSK1,Francais,97bbc6dcf6e7,nouilles,miàntiáor,面条儿,我爱吃面条儿,Wǒ ài chī miàntiáor,J'adore manger des nouilles.,,
HSK1,Francais,299555e8c6f9,l'année prochaine,míngnián,明年,我计划明年去法国旅行,Wǒ jìhuà míngnián qù fǎguó lǚxíng,Je prévois de voyager en France l'année prochaine.,,
HSK1,Francais,6212434800b6,demain,míngtiān,明天,我明天要去学校,Wǒ míngtiān yào qù xuéxiào,"Demain, je vais à l'école",,
HSK1,Francais,bf5c2aa82c9e,nom,míngzi,名字,她叫什么名字,Tā jiào shénme míngzi,Elle s'appelle quoi ?,,
HSK1,Francais,ca7244b02016,lequel,nǎ,哪,今天哪一本书好,Jīn tiān nǎ yī běn shū hǎo,Quel livre est bon aujourd'hui ?,,
HSK1,Francais,06a197649d7c,lequel,nǎge,哪个,你喜欢哪个颜色？,Nǐ xǐ huān nǎ ge yán sè ?,Quelle couleur aimes-tu ?,,
HSK1,Francais,15932175c0ff,où,nǎlǐ,哪里,你想去哪里玩,Nǐ xiǎng qù nǎlǐ wán,Tu veux aller où pour jouer ?,,
HSK1,Francais,df444b36ec79,où,nǎr,哪儿,你在哪儿,Nǐ zài nǎr,Où es-tu ?,,
HSK1,Francais,9ef9d7bce381,lesquels,nǎxiē,哪些,你学习了哪些语言,Nǐ xuéxiǎo le nǎxiē yǔyán,Quelles langues as-tu étudiées ?,,
HSK1,Francais,43fdb98e77c3,que,nà,那,我喜欢看那本书,Wǒ xǐhuān kàn nà běn shū,J'aime lire ce livre,,
HSK1,Francais,9cf39adcb920,là-bas,nàbiān,那边,我明天要去那边玩,Wǒ míng tiān yào qù nà biān wán,"Demain, j'irai jouer là-bas",,
HSK1,Francais,cee26df9ad7a,Celui-la,nàge,那个,那个人是我的朋友,Nà ge rén shì wǒ de péng yǒu,Cet homme est mon ami.,,
HSK1,Francais,9e815eedc5b2,là,nàlǐ,那里,我想去那裡玩,Wǒ xiǎng qù nàlǐ wán,Je veux aller jouer là.,,
HSK1,Francais,5514acd3fe58,là,nàr,那儿,我去那儿买菜,Wǒ qù nàr mǎi cài,Je vais là-bas pour acheter des légumes.,,
HSK1,Francais,6601ea757ca8,ceux,nàxiē,那些,我喜欢那些大厦,Wǒ xǐ huān nàxiē dà shà,J'aime ces grands immeubles,,
HSK1,Francais,9c2992347b9c,mâle,nán,男,他是我的男朋友,Tā shì wǒ de nán péng yǒu,Il est mon petit ami.,,
HSK1,Francais,cc7687947fc5,petit ami,nánpéngyou,男朋友,我的男朋友是中国人,Wǒ de nánpéngyou shì zhōngguó rén,Mon petit ami est Chinois,,
HSK1,Francais,01ac630ed930,question ou particule de continuation,ne,呢,今天天气怎么样呢,Jīn tiān tiān qì zěn me yàng ne,Comment est le temps aujourd'hui ?,,
HSK1,Francais,2cd642b2f053,"peut, être capable de",néng,能,我能说一些基本的法语,Wǒ néng shuō yīxiē jīběn de fǎyǔ,Je peux dire quelques mots de français de base,,
HSK1,Francais,64e48e5d9405,toi,nǐ,你,你好吗？,Nǐ hǎo ma?,Comment vas-tu ?,,
HSK1,Francais,e187d7e46081,Bonjour,nǐ hǎo,你好,下午好，你好,"Xiàwǔ hǎo, nǐ hǎo","Bonjour, bonsoir, vous allez bien ?",,
HSK1,Francais,a5e9cae1d4c3,tu es au pluriel,nǐmen,你们,你们喜欢中国食物吗,Nǐmen xǐhuān zhōngguó shíwù ma,Aimez-vous la nourriture chinoise ?,,
HSK1,Francais,be01bdd2267f,année,nián,年,我十年没见到她了,Wǒ shí nián méi jiàn dào tā le,Je ne l'ai pas vue depuis dix ans,,
HSK1,Francais,b50f04434340,vous (formel),nín,您,您好，我是您的朋友,"Nín hǎo, wǒ shì nǐ de péng yǒu","Bonjour, je suis votre ami",,
HSK1,Francais,88eba37cc49d,lait,niúnǎi,牛奶,我喜欢喝牛奶,Wǒ xǐ huān hē niúnǎi,J'aime boire du lait.,,
HSK1,Francais,d5e26202bd7f,femelle,nǚ,女,她是位漂亮的女士,Tā shì wèi piào liang de nǚ shì,Elle est une femme élégante.,,
HSK1,Francais,b1f07fe6caf0,fille,nǚ'ér,女儿,我有一个女儿,Wǒ yǒu yī gè nǚ'ér,J'ai une fille,,
HSK1,Francais,c72c2c29f297,petite amie,nǚpéngyou,女朋友,我有一个很好的女朋友,Wǒ yǒu yī gè hěn hǎo de nǚpéngyou,J'ai une très bonne petite amie,,
HSK1,Francais,09ee32643d91,"madame, madame.",nǚshì,女士,女士很漂亮,Nǚshì hěn piàoliang,La dame est très belle,,
HSK1,Francais,deb2e9548a6c,ami,péngyou,朋友,我的朋友叫王晓,Wǒ de péngyou jiào wáng xiǎo,Mon ami s'appelle Wang Xiao,,
HSK1,Francais,ac7c4212a4d4,bon marché,piányi,便宜,这件衣服很便宜,Zhè jiàn yīfú hěn piányi,Cette vêtement est très bon marché,,
HSK1,Francais,edfd21fa9ddb,beau,piàoliang,漂亮,她是一个漂亮的女孩,Tā shì yī gè piàoliang de nǚhái,Elle est une belle fille,,
HSK1,Francais,9512580bad65,pomme,píngguǒ,苹果,我喜欢吃苹果,Wǒ xǐ huān chī píngguǒ,J'aime manger des pommes,,
HSK1,Francais,3174cd90c485,Sept,qī,七,今天是七号,Jīn tiān shì qī hào,"Aujourd'hui, c'est le sept.",,
HSK1,Francais,959930f7a99c,se lever,qǐchuáng,起床,我每天早上7点起床,Wǒ měi tiān zǎo shàng 7 diǎn qǐ chuáng,Je me lève chaque matin à 7 heures.,,
HSK1,Francais,4ee6cd86ee1b,mille,qiān,千,中国有超过十三亿人口,Zhōngguó yǒu chāoguò shí sān yì rén kǒu,"La Chine a plus de mille trois cents millions d'habitants, mais voici une autre phrase : 我有超过一千本书 - Wǒ yǒu chāoguò yī qiān běn shū - J'ai plus de mille livres",,
HSK1,Francais,8e06746a0d57,"devant, avant",qián,前,前面有一个公园,Qiánmiàn yǒu yī gè gōngyuán,Devant se trouve un parc,,
HSK1,Francais,e84e7004c22e,argent,qián,钱,我没有钱,Wǒ méiyǒu qián,Je n'ai pas d'argent,,
HSK1,Francais,3ef226180283,s'il te plaît,qǐng,请,请坐下,Qǐng zuò xià,Asseyez-vous s'il vous plaît,,
HSK1,Francais,5b80630c8e67,puis-je demander,qǐngwèn,请问,请问，这件衫多少钱,"Qǐngwèn, zhè jiàn shān duōshǎo qián","Puis-je demander, combien coûte cette chemise ?",,
HSK1,Francais,2eb9b57b9447,aller,qù,去,我要去中国,Wǒ yào qù Zhōngguó,Je vais en Chine,,
HSK1,Francais,92d5153dc75a,l'année dernière,qùnián,去年,我去年去中国旅行,Wǒ qùnián qù zhōngguó lǔxíng,J'ai voyagé en Chine l'année dernière,,
HSK1,Francais,a3793328b822,chaud,rè,热,今天的天气很热,Jīn tiān de tiān qì hěn rè,Le temps est très chaud aujourd'hui,,
HSK1,Francais,e9f9a4962fc5,personne,rén,人,我是中国人,Wǒ shì zhōng guó rén,Je suis chinois.,,
HSK1,Francais,921d821c185d,"connaître, reconnaître",rènshi,认识,我认识了一个新朋友,Wǒ rènshi le yī gè xīn péngyou,Je viens de connaître un nouvel ami,,
HSK1,Francais,a7e3dca98eaa,Classificateur pendant des jours,rì,日,我已经学习汉语超过三十日,Wǒ yǐjīng xuéxí hànyǔ chāoguò sānshí rì,J'ai déjà étudié le chinois pendant plus de trente jours,,
HSK1,Francais,208d6a2404f7,trois,sān,三,我有三个兄弟,Wǒ yǒu sān gè xiōngdì,J'ai trois frères,,
HSK1,Francais,604535b7c95d,"magasin, boutique",shāngdiàn,商店,我每天去商店买东西,Wǒ měi tiān qù shāngdiàn mǎi dōng xi,Je vais chaque jour au magasin acheter des choses,,
HSK1,Francais,3229c93a192f,"en haut, au-dessus",shàng,上,我的书放在桌子上,Wǒ de shū fàng zài zhuō zǐ shàng,Mon livre est posé au-dessus de la table,,
HSK1,Francais,dd0ddc8c2d6a,aller travailler,shàngbān,上班,明天我要上班,Míngtiān wǒ yào shàngbān,"Demain, je vais aller travailler",,
HSK1,Francais,2f742dad19c0,assister aux cours,shàngkè,上课,我星期一要上课,Wǒ xīngqī yī yào shàngkè,Je vais assister aux cours le lundi.,,
HSK1,Francais,9264345775b5,matin,shàngwǔ,上午,我喜欢上午去跑步,Wǒ xǐhuān shàngwǔ qù pǎobù,J'aime aller courir le matin,,
HSK1,Francais,9215eb17e787,aller à l'école,shàngxué,上学,明天我要上学,Míng tiān wǒ yào shàngxué,"Demain, je vais aller à l'école.",,
HSK1,Francais,887eac2718b6,"peu, peu",shǎo,少,我只有少量钱,Wǒ zhǐ yǒu shǎo liàng qián,J'ai peu d'argent,,
HSK1,Francais,4f76b0bdd293,Qui ?,shéi/shuí,谁,你是谁,Nǐ shì shéi,Qui es-tu ?,,
HSK1,Francais,6d1852412e0c,quoi,shénme,什么,今天我想吃什么,Jīn tiān wǒ xiǎng chī shénme,"Aujourd'hui, je veux manger quoi",,
HSK1,Francais,85441947045b,tomber malade,shēngbìng,生病,我妈妈今天生病了,Wǒ māma jīntiān shēngbìng le,Ma mère est tombée malade aujourd'hui,,
HSK1,Francais,56026f7a1c01,dix,shí,十,我十点钟去学校,Wǒ shí diǎn zhōng qù xuéxiào,Je vais à l'école à dix heures.,,
HSK1,Francais,d0650fa8cbed,"moment, temps",shíhou,时候,现在是学习的时候,Xiàn zài shì xuéxí de shíhou,Maintenant c'est le moment d'apprendre,,
HSK1,Francais,8ac71bcdd211,temps,shíjiān,时间,我没有很多时间,Wǒ méiyǒu hěn duō shíjiān,Je n'ai pas beaucoup de temps,,
HSK1,Francais,308bed1d230a,"matière, chose",shì,事,这是我的事情,Zhè shì wǒ de shì,C'est mon affaire,,
HSK1,Francais,0d7e59349a30,être,shì,是,今天的天气是晴天,Jīn tiān de tiān qì shì qíng tiān,Le temps aujourd'hui est ensoleillé,,
HSK1,Francais,611478c5ccdc,téléphone portable,shǒujī,手机,我每天都用手机发短信,Wǒ měi tiān dōu yòng shǒujī fā duǎn xīn,Je mets chaque jours mon téléphone portable à contribution pour envoyer des SMS,,
HSK1,Francais,f678b705df2a,livre,shū,书,我喜欢读书,Wǒ xǐ huān dú shū,J'aime lire des livres,,
HSK1,Francais,0d05c6f7f5e7,librairie,shūdiàn,书店,我在附近的书店买了一本书,Wǒ zài fùjìn de shūdiàn mǎi le yī běn shū,J'ai acheté un livre dans une librairie à proximité,,
HSK1,Francais,d9229b05ec03,eau,shuǐ,水,我喝了一杯水,Wǒ hē le yī bēi shuǐ,J'ai bu un verre d'eau,,
HSK1,Francais,c1a59bb9eb8b,fruit,shuǐguǒ,水果,我喜欢吃水果,Wǒ xǐ huān chī shuǐ guǒ,J'aime manger des fruits,,
HSK1,Francais,180fcc4245fd,dormir,shuì,睡,我晚上十点睡,Wǒ wǎnshàng shí diǎn shuì,Je dors à 10 heures du soir,,
HSK1,Francais,250e1a171623,dormir,shuìjiào,睡觉,我晚上要睡觉,Wǒ wǎnshàng yào shuìjiào,Je vais dormir le soir,,
HSK1,Francais,97c219c9d520,"parler, dire",shuō,说,她说她很喜欢中国,Tā shuō tā hěn xǐhuān zhōngguó,Elle dit qu'elle aime beaucoup la Chine,,
HSK1,Francais,b0e7ded3cb70,parler,shuōhuà,说话,我喜欢和朋友说话,Wǒ xǐ huān hé pēng yǒu shuō huà,J'aime parler avec des amis,,
HSK1,Francais,c34866ea4fa9,quatre,sì,四,我有四个兄弟,Wǒ yǒu sì gè xiōngdì,J'ai quatre frères,,
HSK1,Francais,778f808f1e9b,Classificateur pour l'âge,suì,岁,我今年二十五岁,Wǒ jīn nián èr shí wǔ suì,J'ai vingt-cinq ans,,
HSK1,Francais,3309bd94e1a5,"lui, lui",tā,他,他是一个好朋友,Tā shì yī gè hǎo péng yǒu,Il est un bon ami,,
HSK1,Francais,a241dea1d084,il,tā,它,我喜欢它,Wǒ xǐhuān tā,J'aime celui-ci ou J'aime celui-là ou simplement J'aime il.,,
HSK1,Francais,ed85f44fea32,elle,tā,她,她今天去学校,Tā jīn tiān qù xué xiào,Elle va à l'école aujourd'hui,,
HSK1,Francais,09e6c99c09b5,ils,tāmen,他们,他们都是我的朋友,Tāmen dōu shì wǒ de péng yǒu,Ils sont tous mes amis.,,
HSK1,Francais,a4a72318f4b0,ils,tāmen,它们,它们都是我的朋友,Tāmen dōu shì wǒ de péng yǒu,Ils sont tous mes amis.,,
HSK1,Francais,541c962e52df,ils,tāmen,她们,她们喜欢旅行,Tāmen xǐ huān lǔ xíng,Ils aiment voyager,,
HSK1,Francais,fdb2266dc4ea,"aussi, extrêmement",tài,太,今天天气太热了,Jīn tiān tiān qì tài rè le,"Aujourd'hui, il fait extrêmement chaud.",,
HSK1,Francais,569b7f0e491b,jour,tiān,天,今天是星期天,Jīn tiān shì xīng qī tiān,Aujourd'hui est dimanche,,
HSK1,Francais,7281c1815be2,météo,tiānqì,天气,今天的天气很好,Jīntiān de tiānqì hěn hǎo,La météo est très bonne aujourd'hui,,
HSK1,Francais,b9c4ee07574c,écouter,tīng,听,我喜欢听音乐,Wǒ xǐhuān tīng yīnyuè,J'aime écouter de la musique,,
HSK1,Francais,8a3d7747548b,entendre,tīngjiàn,听见,我听到音乐的时候就会看见美丽的景色,Wǒ tīngjiàn yīnyuè de shíhou jiù huì kàn dào měilì de jǐngsè,"Lorsque j'entends la musique, je vois des paysages magnifiques",,
HSK1,Francais,c8355c2359e6,camarade de classe,tóngxué,同学,我的同学是法国人,Wǒ de tóngxué shì fǎguó rén,Mon camarade de classe est français,,
HSK1,Francais,5f73e0895218,"dehors, extérieur",wài,外,我喜欢在外面玩,Wǒ xǐhuān zài wài miàn wán,J'aime jouer dehors.,,
HSK1,Francais,f9ea50b27896,dehors,wàibian,外边,我在家外边玩,Wǒ zài jiā wàibian wán,Je joue dehors à la maison,,
HSK1,Francais,14ad84b54e35,jouer,wán,玩,我喜欢玩电脑,Wǒ xǐ huān wán diànnǎo,J'aime jouer à l'ordinateur,,
HSK1,Francais,8bbb16149021,en retard,wǎn,晚,我昨晚到家很晚,Wǒ zuó wǎn dào jiā hěn wǎn,Je suis rentré très tard chez moi hier soir,,
HSK1,Francais,20a223136ba1,dîner,wǎnfàn,晚饭,我要去吃晚饭,Wǒ yào qù chī wǎnfàn,Je vais aller dîner,,
HSK1,Francais,c1b0271ffa46,soirée,wǎnshang,晚上,我喜欢在晚上出去散步,Wǒ xǐ huān zài wǎnshang chū qù sàn bù,J'aime sortir me promener le soir.,,
HSK1,Francais,5c89ea0dc737,bonjour (utilisé pour répondre au téléphone),wèi,喂,我接到电话时说喂,Wǒ jiē dào diànhuà shí shuō wèi,Je dis bonjour lorsque je réponds au téléphone,,
HSK1,Francais,e971fb5d6b8c,demander,wèn,问,我想问一下这个问题,Wǒ xiǎng wèn yī xià zhè ge wèn tí,Je veux demander une chose à propos de cette question,,
HSK1,Francais,bf06122bb5ac,question,wèntí,问题,这是一个问题,Zhè shì yī gè wèntí,C'est une question,,
HSK1,Francais,891651c7daea,je,wǒ,我,我是学生,Wǒ shì xuésheng,Je suis étudiant,,
HSK1,Francais,cd66073e43ff,nous,wǒmen,我们,我们一起去玩吧,Wǒmen yīqǐ qù wán ba,Nous allons jouer ensemble.,,
HSK1,Francais,c0548f95620b,cinq,wǔ,五,我有五个苹果,Wǒ yǒu wǔ gè píngguǒ,J'ai cinq pommes,,
HSK1,Francais,0541e122acf8,déjeuner,wǔfàn,午饭,我现在正在吃午饭,Wǒ xiànzài zhèngzài chī wǔfàn,Je suis en train de déjeuner maintenant,,
HSK1,Francais,6cfe0977ed56,aimer,xǐhuan,喜欢,我喜欢吃苹果,Wǒ xǐhuan chī píngguǒ,J'aime manger des pommes,,
HSK1,Francais,7d9f99e0b990,"en bas, en dessous",xià,下,我把书放在桌子下,Wǒ bǎ shū fàng zài zhuōzi xià,J'ai mis le livre en dessous du bureau,,
HSK1,Francais,e6552d13d010,pleuvoir,xià yǔ,下雨,今天下雨，所以我不去散步,"Jīn tiān xià yǔ, suǒ yǐ wǒ bù qù sǎn bù","Aujourd'hui il pleut, donc je ne vais pas me promener",,
HSK1,Francais,b13e3e58a878,quitter le travail,xiàbān,下班,我每天下班后都会去锻炼,Wǒ měi tiān xiàbān hòu dū huì qù duàn liàn,"Chaque jour, après le travail, je vais faire de l'exercice.",,
HSK1,Francais,aabbe40d3448,terminer le cours,xiàkè,下课,今天的课终于下课了,Jīntiān de kè zhōngyú xiàkè le,"Aujourd'hui, le cours est enfin terminé.",,
HSK1,Francais,667b82874d36,après-midi,xiàwǔ,下午,我通常在下午去公园散步,Wǒ tōngcháng zài xiàwǔ qù gōngyuán sàn bù,Je vais généralement me promener dans le parc l'après-midi.,,
HSK1,Francais,b050de3551bd,"Monsieur, mari",xiānsheng,先生,我的老师是李先生,Wǒ de lǎoshī shì lǐ xiānsheng,Mon professeur est Monsieur Li,,
HSK1,Francais,83fe62ae4c85,maintenant,xiànzài,现在,我现在在学习中文,Wǒ xiànzài zài xuéxí zhōngwén,Je suis en train d'apprendre le chinois maintenant,,
HSK1,Francais,de2e90d4b3f0,penser,xiǎng,想,我一直在想去中国,Wǒ yīzhí zài xiǎng qù zhōng guó,Je pense toujours à aller en Chine,,
HSK1,Francais,f59f43c0fa9a,petit,xiǎo,小,我有一个小猫,Wǒ yǒu yī gè xiǎo māo,J'ai un petit chat,,
HSK1,Francais,10e2f3be93ce,"petit ami, enfant",xiǎopéngyǒu,小朋友,我有一个小朋友,Wǒ yǒu yī gè xiǎopéngyǒu,J'ai un petit ami,,
HSK1,Francais,a5800a5c5fef,heure,xiǎoshí,小时,我有三小时的空闲时间,Wǒ yǒu sān xiǎoshí de kòngxián shíguò,J'ai trois heures de libre.,,
HSK1,Francais,f3ff22a8e1d8,école primaire,xiǎoxué,小学,我在小学的时候学习了很多东西,Wǒ zài xiǎoxué de shí hòu xuéxí le hěn duō dōng xi,J'ai appris beaucoup de choses à l'école primaire,,
HSK1,Francais,4b857dbcba0d,élève du primaire,xiǎoxuéshēng,小学生,我是小学生,Wǒ shì xiǎoxuéshēng,Je suis un élève du primaire,,
HSK1,Francais,f9028af94da2,Classificateur pour une quantité indéfinie,xiē,些,我有一些书,Wǒ yǒu xiē shū,J'ai quelques livres,,
HSK1,Francais,71643fe6ac24,écrire,xiě,写,我喜欢写故事,Wǒ xǐ huān xiě gù shì,J'aime écrire des histoires,,
HSK1,Francais,d61b4d2b7178,remercier,xièxie,谢谢,谢谢你对我的帮助,Xièxiè nǐ duì wǒ de bāngzhù,Merci pour m'avoir aidé,,
HSK1,Francais,7820f4f849c9,nouveau,xīn,新,这是我的新电脑,Zhè shì wǒ de xīn diànnǎo,Voici mon nouvel ordinateur,,
HSK1,Francais,527c1964f0fb,semaine,xīngqī,星期,明天是星期一,Míngtiān shì xīngqī yī,Demain c'est lundi,,
HSK1,Francais,8ad3d2f97482,Dimanche,xīngqīrì,星期日,我喜欢在星期日和家人一起吃午饭,Wǒ xǐhuān zài xīngqīrì hé jiārén yīqǐ chī wǔfàn,J'aime manger le déjeuner avec ma famille le dimanche,,
HSK1,Francais,536465697704,Dimanche,xīngqītiān,星期天,我最喜欢在星期天睡懒觉,Wǒ zuì xǐ huān zài xīngqītiān shuì lǎn jiào,J'aime particulièrement dormir tard le dimanche,,
HSK1,Francais,5f2b0f6e279b,se reposer,xiūxi,休息,我需要休息一下,Wǒ xūyào xiūxi yīxià,J'ai besoin de me reposer un peu,,
HSK1,Francais,9ffe38883f98,"apprendre, étudier",xué,学,我喜欢学习中文,Wǒ xǐ huān xué xí zhōng wén,J'aime apprendre le chinois,,
HSK1,Francais,18f08e22b0fc,étudiant,xuéshēng,学生,我是一个学生,Wǒ shì yī gè xuéshēng,Je suis un étudiant,,
HSK1,Francais,05f8e8aa342e,étudier,xuéxí,学习,我喜欢学习中文,Wǒ xǐ huān xué xí zhōng wén,J'aime étudier le chinois,,
HSK1,Francais,d7b4030f3dd4,école,xuéxiào,学校,我在学校学习,Wǒ zài xuéxiào xuéxí,Je suis à l'école pour apprendre,,
HSK1,Francais,c865fe6a09ab,neige,xuě,雪,今天下雪了,Jīn tiān xià xuě le,Il neige aujourd'hui,,
HSK1,Francais,28e47ef95ec7,"vouloir, avoir besoin",yào,要,我想要一个苹果,Wǒ yào yī gè píng guǒ,Je veux une pomme,,
HSK1,Francais,920467bf2955,"aussi, aussi",yě,也,我也喜欢吃苹果,Wǒ yě xǐhuān chī píngguǒ,J'aime aussi manger des pommes,,
HSK1,Francais,1569103a27c2,un,yī,一,我有一个朋友,Wǒ yǒu yī ge péng yǒu,J'ai un ami.,,
HSK1,Francais,e23523341d10,vêtements,yīfu,衣服,我今天买了很多漂亮的衣服,Wǒ jīntiān mǎi le hěn duō piàoliang de yīfu,J'ai acheté aujourd'hui beaucoup de beaux vêtements,,
HSK1,Francais,ec01f00c5463,médecin,yīshēng,医生,我去看医生,Wǒ qù kàn yīshēng,Je vais voir le médecin,,
HSK1,Francais,4f83b4bf3845,hôpital,yīyuàn,医院,我要去医院看病,Wǒ yào qù yīyuàn kàn bìng,Je vais à l'hôpital pour me faire soigner,,
HSK1,Francais,b470b2e967c7,moitié,yíbàn,一半,我吃了一半的苹果,Wǒ chī le yíbàn de píngguǒ,J'ai mangé la moitié de la pomme.,,
HSK1,Francais,16cf63c50eda,"une fois, un peu",yíxià,一下,我需要休息一下,Wǒ xūyào xiūxí yíxià,J'ai besoin de me reposer un peu,,
HSK1,Francais,c6193bec2ddb,chaise,yǐzi,椅子,我在房间里找到了椅子,Wǒ zài fángjiān lǐ zhǎo dào le yǐzi,J'ai trouvé une chaise dans la chambre.,,
HSK1,Francais,0e07a82409ed,"un peu, un peu",yìdiǎnr,一点儿,今天我有点儿累,Jīn tiān wǒ yǒu yì diǎn er lèi,"Aujourd'hui, je suis un peu fatigué",,
HSK1,Francais,d7da3b434cea,"certains, quelques-uns",yìxiē,一些,我喜欢一些中国菜,Wǒ xǐ huān yìxiē zhōng guó cài,J'aime certains plats chinois,,
HSK1,Francais,e06681a4ca08,"avoir, exister",yǒu,有,我有一个妹妹,Wǒ yǒu yí gè mèi mèi,J'ai une sœur,,
HSK1,Francais,43623b895631,certains d'entre eux,yǒude,有的,我的朋友有的喜欢足球,Wǒ de péng yǒu yǒu de xǐ huān zú qiú,"Mes amis, certains d'entre eux aiment le football",,
HSK1,Francais,3a0f854acc61,"un peu, légèrement",yǒudiǎnr,有点儿,今天的天气有点儿冷,Jīntiān de tiānqì yǒudiǎnr lěng,Le temps est un peu froid aujourd'hui,,
HSK1,Francais,ba75a47f3834,"certains, certains de",yǒuxiē,有些,有些学生喜欢学习数学,Yǒu xiē xuéshēng xǐhuān xuéxí shùxué,Certains élèves aiment apprendre les mathématiques,,
HSK1,Francais,31e5b486a824,pluie,yǔ,雨,今天下雨,Jīn tiān xià yǔ,Aujourd'hui il pleut,,
HSK1,Francais,5ba452d9583e,yuan,yuán,元,她有一百元,Tā yǒu yībǎi yuán,Elle a cent yuans.,,
HSK1,Francais,41778b4a975e,mois,yuè,月,今天是五月,Jīn tiān shì wǔ yuè,"Aujourd'hui, c'est le mois de mai",,
HSK1,Francais,4bd878e21c76,"encore une fois, alors",zài,再,我再去看电影,Wǒ zài qù kàn diànyǐng,Je vais voir un film encore une fois,,
HSK1,Francais,5e31097c7850,être à,zài,在,她在北京工作,Tā zài Běijīng gōngzuò,Elle travaille à Pékin,,
HSK1,Francais,3140531009a8,au revoir,zàijiàn,再见,明天见，暂时再见,"Míng tiān jiàn, zàn shí zàijiàn","À demain, au revoir pour l'instant",,
HSK1,Francais,404426d8876a,tôt,zǎo,早,我早上去学校,Wǒ zǎo shang qù xiǎo xué,Je vais à l'école tôt le matin,,
HSK1,Francais,5c038069bf34,petit-déjeuner,zǎofàn,早饭,我每天早上吃早饭,Wǒ měi tiān zǎo shàng chī zǎofàn,Je mange chaque matin un petit-déjeuner,,
HSK1,Francais,c7c214f85260,matin,zǎoshang,早上,我喜欢早上散步,Wǒ xǐ huān zǎo shàng sàn bù,J'aime me promener le matin,,
HSK1,Francais,679aa5414ba7,comment,zěnme,怎么,你怎么去学校,Nǐ zěnme qù xuéxiào,Comment vas-tu à l'école ?,,
HSK1,Francais,c01359f34a66,"et si, qu'en penses-tu",zěnmeyàng,怎么样,你觉得这本书怎么样,Nǐ juéde zhè běn shū zěnmeyàng,Qu'en penses-tu de ce livre ?,,
HSK1,Francais,26b2bd0fa0a2,chercher,zhǎo,找,我要找工作,Wǒ yào zhǎo gōng zuò,Je veux chercher du travail,,
HSK1,Francais,c80013276f55,ce,zhè,这,这是我的书,Zhè shì wǒ de shū,Ce sont mes livres,,
HSK1,Francais,8f91e4e945b5,ici,zhèbiān,这边,请走这边,Qǐng zǒu zhèbiān,Veuillez aller de ce côté-ci.,,
HSK1,Francais,97703cd14e54,celui-ci,zhège,这个,我喜欢这个书,Wǒ xǐ huān zhège shū,J'aime ce livre,,
HSK1,Francais,72504fbc2c08,ici,zhèlǐ,这里,我在这里等你,Wǒ zài zhèlǐ děng nǐ,J'attends ici pour vous.,,
HSK1,Francais,f3e9a163c552,ici,zhèr,这儿,我在这儿等你,Wǒ zài zhèr děng nǐ,J'attends ici pour toi,,
HSK1,Francais,87d2a094fa98,ces,zhèxiē,这些,这些苹果都是红色的,Zhèxiē píngguǒ dōu shì hóngsè de,Ces pommes sont toutes rouges,,
HSK1,Francais,2272af9af853,vraiment,zhēn,真,我真的喜欢中国菜,Wǒ zhēn de xǐ huān zhōng guó cài,J'aime vraiment la cuisine chinoise,,
HSK1,Francais,1079b20a610f,en cours de,zhèngzài,正在,我正在学习法语,Wǒ zhèngzài xuéxí fǎyǔ,Je suis en train d'apprendre le français,,
HSK1,Francais,f8f8a2ef0aed,"Classificateur pour les animaux, l'un d'une paire",zhī,只,我有一只猫,Wǒ yǒu yī zhī māo,J'ai un chat,,
HSK1,Francais,31cc1be183a4,savoir,zhīdào,知道,Tôi知道如何说法语,Wǒ zhīdào rúhé shuō fǎyǔ,Je sais comment parler français,,
HSK1,Francais,f598868fda5c,Chine,Zhōngguó,中国,我来自中国,Wǒ lái zì Zhōngguó,Je viens de Chine,,
HSK1,Francais,1e3f68e5a562,langue chinoise,Zhōngwén,中文,我会说中文,Wǒ huì shuō zhōngwén,Je parle chinois.,,
HSK1,Francais,05ce5dbc49e9,midi,zhōngwǔ,中午,我们通常在中午吃午餐,Wǒmen tōngcháng zài zhōngwǔ chī wǔcān,Nous mangeons généralement à midi.,,
HSK1,Francais,8febc08b337e,collège,zhōngxué,中学,我在中学学习了三年,Wǒ zài zhōngxué xuéxí le sān nián,J'ai étudié au collège pendant trois ans,,
HSK1,Francais,240255e5bafa,collégien,zhōngxuéshēng,中学生,我是中学生,Wǒ shì zhōngxuéshēng,Je suis un collégien,,
HSK1,Francais,c88a3a3ced03,"vivre, résider",zhù,住,我住在北京,Wǒ zhù zài Běijīng,J'habite à Pékin,,
HSK1,Francais,a2b37d510cee,"table, bureau",zhuōzi,桌子,我正在擦桌子,Wǒ zhèngzài cā zhuōzi,Je suis en train d'essuyer la table,,
HSK1,Francais,156ac9695ede,"personnage, scénario",zì,字,这本书的字很难,Zhè bēn shū de zì hěn nán,Les caractères de ce livre sont très difficiles,,
HSK1,Francais,e5e43e0809ff,hier,zuótiān,昨天,昨天我去公园玩了,Zuótiān wǒ qù gōngyuán wánle,"Hier, je suis allé jouer au parc",,
HSK1,Francais,82ae02612188,s'asseoir,zuò,坐,我要坐公共汽车,Wǒ yào zuò gōnggòng qìchē,Je vais prendre le bus,,
HSK1,Francais,c4f50c3560bc,"faire, faire",zuò,做,我想做一名教师,Wǒ xiǎng zuò yī míng jiào shī,Je veux être professeur,,
HSK1,Francais,c43b8acf632b,cuisiner,zuò fàn,做饭,我喜欢做饭,Wǒ xǐ huān zuò fàn,J'aime cuisiner,,
